filename,has_text,nb_faces_max,nb_shots
Aabbey1-InvitationToSummer2009RabbinicalStudySeminarAtHartmanIn262,True,0,1
Aabbey1-RachelSabathBeitHalachmiThreeModelsOfTorahOnCelebrating136,True,1,2
Aabbey1-ShalomHartmanInstitutesInnovativeTheologyConference661,True,1,5
Acnethai-414,False,1,2
Acnethai-EP4HowToMakeUpForAcneFromBobbiBrown565,True,0,7
Actorsandcrew-TheBigBreak844,True,0,1
Akachan-XF3ARMYProjectPromo360,False,0,1
Anglicantv-FCA2009ArchbishopVenables921,True,1,7
Anglicantv-FCA2009BishopBenn159,True,0,4
Anglicantv-FCA2009InterviewWithArchbishopJensenAndArchbishopVeneabl988,True,1,5
Anglicantv-FCA2009RevRoberts569,True,1,5
Barandide-CarmenTrailer259,True,0,16
Barandide-PucciniMadameButterfly740,False,0,1
Bavc-GossipChismeDeborah157,True,4,392
Bavc-GustavosStoryHistoriaDeGustavoIvonne893,True,5,47
Bavc-MyPrinceCharmingMiPrincipeAzulVeronica726,True,2,43
Bluecanoerecords-BlessYou868,True,0,3
Bluecanoerecords-DatzIt241,True,0,7
Bluecanoerecords-JosephPatrickMooreTalksAboutMilesDavis954,True,1,9
Bluecanoerecords-NabilKhemir770,True,1,16
Cariblifecentral-3EnergyGodElephantManMiamiDancehallConcert780,True,0,13
Celluloidremix-Cellushape912,True,1,56
ChefsLine-IsraeliCouscous910,False,2,9
ChefsLine-KansasCityBarbecueSauce196,True,1,15
ChefsLine-PastaFrittata697,False,1,18
ChefsLine-SpicyLambBurgersWithRaita938,True,1,8
Chuckm-SummerInTheCityACappella546,False,1,30
ClaudeBesson-JOYEUXNOEL355,False,0,27
ClaudeBesson-LesNewsDuCARGOClub218,True,1,3
ClaudeBesson-ROCKAAGORA28012007188,False,1,2
Clif-Episode1570,False,1,2
CookingUpAStory-BackyardChickensTourDeCoops216,True,0,12
CorrosionDC-MightyMikeSagaAndC365RadioCrashYour4thOfJulyParty655,True,0,2
Coruway-BaldGuyOnClimateChange001743,True,0,2
Craigleach21-MultiMovements433,False,1,9
Crashsolo-OneMinuteSemiHomemadeMoneySavingMeals299,True,1,3
Critter-InsanityWeek3Day3400,False,1,1
Culinarymedia-CMNVideoCocktailHourBasilMoTeato848,True,0,2
Culinarymedia-CMNVideoDiscoveringColonialVirginia791,True,2,29
Culinarymedia-CMNVideoForkInTheRoadPerSe357,True,1,4
Culinarymedia-ChefMarksQuickBitesBlackGarlic132,True,1,8
Culinarymedia-QuickBitesHawaiiKapaluaFarmsComposting226,True,0,6
Culinarymedia-QuickBitesHawaiiMakawaoMushroomsMaui217,True,1,5
Culinarymedia-QuickBitesWalesNationalBotanicGarden555,True,1,7
CutthroatMolloy-AskScuurvy607,True,2,13
CutthroatMolloy-VictorianBushfiresBenefitGigSUNMarch1stMonstrothic235Ed551,True,4,10
CutthroatMolloy-WhatCouldBeBetter245,False,1,1
Daterobertpattinson-RobertPattinsonInLoveShowersKristenStewartWithGifts930,False,2,2
Davidleeking-djembe139,False,0,2
Davidleeking-fun409,False,0,2
Deepintosports-DeepIntoSportscom31109WorldBaseballClassicWatchIt345,False,1,1
Deepintosports-DeepIntoSportscom41109LessonsFromNickAdenhart789,False,1,1
Deepintosports-DeepIntoSportscom51909PlayoffLetdowns846,False,1,1
DetrimentalInformati-BattleForTheTenCommandments529,True,2,20
DigitalFrontiers-ApolloBeyondCh21Of21TheFinalSolution255,False,0,20
Dinap830-GE17HeartOpeningStuff494,True,0,1
Dinap830-GE22QuadsInnerHotness754,True,1,14
Dinap830-GE26BindsThoseBlastedTraps955,True,0,4
Dinap830-GE27CoreTransversusSixPack251,True,1,5
Dinap830-GE32AlternatingNostrilsBrains976,True,0,1
Dinap830-GE36EwLocusts586,True,1,10
Dinap830-GE42ExercisesNotNice773,True,1,7
Dinap830-GE50PostPartyTwist630,True,1,13
Dinap830-GE54CockeyedTwistArr876,True,0,5
Dinap830-GE75TwoGurusADoOver839,True,1,10
Dinap830-GE84PitsOpenNoBlues628,True,1,11
Dinap830-GE93AlmostAtPeakPoseStretches509,True,1,9
Dinap830-GE96WallNStrapStretching900,True,1,6
Dobro33H-CheapThrils651,False,1,2
Drinkart-MakersMarkEggNogArtOfTheDrink51899,True,2,127
Drinkart-SharkIceArtOfTheDrink67614,True,2,25
Drinkart-SingaporeSlingArtOfTheDrink50269,True,2,113
DrinkingWithBob-BritneySpearsIsGoingOnTour210,True,0,3
Eclectone-HappyNewYearFromEclectoneRecords790,True,1,1
EconomyInCrisis-ASolutionToTheTradeDeficit674,False,0,2
EconomyInCrisis-AlternativeFuelsComeback948,False,0,2
EconomyInCrisis-AmericasRoots430,False,0,2
EconomyInCrisis-BailoutInfighting736,True,0,2
EconomyInCrisis-EconomicIlliteracy922,True,1,11
EconomyInCrisis-FallingUSTaxRevenue222,True,1,3
EconomyInCrisis-FalseFlagsOfRecovery150,True,0,2
EconomyInCrisis-FearsOfANewRecession436,False,0,2
EconomyInCrisis-FinancialReform130,True,0,2
EconomyInCrisis-FixingTheEconomy183,False,0,2
EconomyInCrisis-FreeTradeAndTheClassWar750,False,0,2
EconomyInCrisis-GMBankruptcy879,False,0,2
EconomyInCrisis-JusticeSoutersRetirement978,True,1,2
EconomyInCrisis-MadeInTheUSA595,True,0,2
EconomyInCrisis-PatChoateGovernment846,False,2,1
EconomyInCrisis-PotentialSolutions463,True,1,3
EconomyInCrisis-RoubinisViewOfRecovery247,False,0,2
EconomyInCrisis-TeslaMotors948,False,0,2
EconomyInCrisis-TheAmericanDollar110,True,0,2
EconomyInCrisis-TheCostOfFixingTheUS363,True,1,3
EconomyInCrisis-TheEconomyIsWorseThanItAppears264,True,1,3
EconomyInCrisis-TheFedTransparencyAct911,False,0,2
EconomyInCrisis-TradeDeficitFallsForAllTheWrongReasons193,False,0,2
EconomyInCrisis-WarrenBuffettInflationOnTheHorizon879,True,0,2
Eddiedotcom-TheCandySong809,True,1,5
Eduardoquezada-CarlosTheInternWinsSingingContest253,False,0,1
Eduardoquezada-EduardoQuezadaEscandonEditorial419,True,1,6
Eduardoquezada-QuerenciaCancionInterpretadaPorLosHnosQuezada599,True,1,16
Eighthrs-HardLuck790,False,1,2
Elinertv-CurtMegaAndLightInThePiazza111,True,1,6
EngenderHealth-www3for1orgFromEngenderHealth990,True,10,35
Etopianewsnow-EdwardBunkerOnTheSocialContractAndSlavery908,True,1,3
Etopianewsnow-MarcLawrenceTalksAboutLongTimeNoSee175,True,0,3
Etopianewsnow-MarcyWinograds2006CampaignSpot458,False,1,1
Etopianewsnow-RachelMcAdamsExpressesGratitudeToTechnologyAtAMPASTechA158,False,1,1
Fbchattiesburg-Miracle961,False,0,4
Fbchattiesburg-OComeOCome735,False,0,7
Fbchattiesburg-ThisIsOurGod551,False,0,5
Fcumtv-CharlieOLoughlinChatsToFCUMTVAfterNantwichH130409932,False,1,1
Fcumtv-FCUnitedVAshtonUnited250309THEGOALS940,True,0,13
Fcumtv-FCUnitedVBradfordParkAvenueNPL250409GOALS284,True,0,10
Fcumtv-MOTMSamAshtonChatsToFCUMTVAfterNFerriby04_04_09397,False,1,1
Fcumtv-NantwichFACInterviewKyleWilson752,False,1,3
FinancialAidPodcas-2008SuperBowlXLIIAdFromTheStudentLoanNetwork346,True,0,8
Francoventoso-2MarcoCalcinaroECarloDeSignoribusBluesOnTheRoad234,False,0,1
Francoventoso-3CarloDeSignoribusEAltriBluesOnTheRoad581,False,0,1
Francoventoso-francomorone6766,False,0,5
GVTVNEWS-GVTVNews010308NCTV11Part2854,True,2,62
GVTVNEWS-GVTVNews010508NCTV11Part2805,False,0,11
GVTVNEWS-GVTVNews070307540,True,2,25
GVTVNEWS-GVTVNews073108NCTV11557,False,0,2
GVTVNEWS-GVTVWeather072007743,True,1,4
Globaldyana-4thOfJulyInMexicoCityAtArroyoRestaurant253,False,1,1
Golf-GolfTipLoosenUpTheGolfSwingAndStartFeeling469,True,0,6
Golf-GolfTipStopTheThoughtProcessAndStartFeeling612,True,1,6
Golf-PuttingOnFastGreens920,True,1,13
Golf-QolfGameHighlight190,True,1,14
Golf-YesDonnaPutter794,True,1,8
GolfLifeTips-HitLongDrivesWithThisPowerTip197,True,0,16
GolfLifeTips-TaylormadeTourBurnerDriverReview339,True,1,5
Gracebible-052409PMRememberPeopleOnMemorialDay592,False,0,1
Griotgreg-2009AcuraTLSHAWD834,True,1,9
Griotgreg-2009VWTOUAREGTDI665,True,0,4
Griotgreg-2010LexysHS250h753,True,0,8
Griotgreg-BentleyContientalGT224,False,0,12
Griotgreg-HondaInsight305,True,0,7
Griotgreg-NissanAltimaCoupe487,False,1,12
Griotgreg-TheVeggieCar998,True,1,13
Grollett-GRoUpdateOnRockForHungerFest3719,False,1,1
Guidonia-DisabiliAGuidoniaMontecelio111,True,2,1
Guidonia-LionsPubTivoliLocaleSalsaKaraokePianoBarVillaAdrian290,False,0,1
Guidonia-LionsPubTivoliLocaleSalsaKaraokePianoBarVillaAdrian479,True,0,3
Guidonia-LionsPubTivoliLocaleSalsaKaraokePianoBarVillaAdrian886,True,0,2
Guidonia-palestraguidoniacollefiorito361,False,0,2
Heywood-EKGZZLiveMusicVideoCheapSunGlasses717,False,0,1
Hrocus-BradKlippert400,False,0,3
Hrocus-BruceDammeier493,True,2,3
Hrocus-JanAngel693,True,1,6
Hrocus-JohnAhern223,True,1,3
Hrocus-norma2891,True,1,5
InnerBonding-UnderstandingAndOvercomingAddictions970,False,1,1
Ironmanrecords-LastUnderTheSunNotInMyName2004Breizh383,True,1,6
Ironmanrecords-LastUnderTheSunTheDon758,True,1,72
Jake-JeanMichelJarreOxygenePlayedByMeOnTheKeyboard480,True,0,14
Jasonheath-BassByChrisThrelkeldWiegand763,True,0,6
Jasonheath-BassForSaleContactToddMatthewsForDetails997,False,0,1
Jasonheath-IanHallasPerformsBottesiniMvt1997,True,0,4
Jasonheath-MyCrazyStandPartner806,False,1,3
Jasonheath-RealitiesOfFulltimeFreelancing244,False,1,3
JeffBrooks-CarCraftNationals2008CorvetteZ06181,True,1,50
JeffBrooks-WelcomeToScreamFresh457,True,1,1
JillForrest-YogaBabyEpisode21724,True,0,1
JimCropcho-jimUglyBetty704,False,1,1
Johnlieberman-FoodgangFrenchRestaurantMiamiBeachSurfsideReviewByJohnL624,True,4,37
Johnlieberman-SpecchioItalianRestaurantMiamiBeachSurfsideReviewByJohn753,True,7,34
KELLYTV-ANGELSANDDEMONSFEATURETTE369,True,3,60
KELLYTV-IFIWASYOURMANBYJOE111,True,1,63
KELLYTV-LIFEAFTERDEATHJAMALWOODARDSOULSNATCHER818,True,1,16
KELLYTV-PRECIOUSMOVIETRAILERBYTYLERPERRYNORRAH403,True,1,74
KELLYTV-SOUTHERNENTERTAINMENTAWARDSVOTE4KANERIDIAMOND211,True,0,15
Labambola-Teaser20DelVideobookDeCristinaDominguez639,True,1,17
Lauraflanders-BillFletcherIranCommentaryOnGRITtv642,False,1,2
Lauraflanders-CommentaryAlexCarlin716,True,1,4
Lauraflanders-DavidSirotaAFunnyThingHappenedOnTheWayToDenver739,True,1,3
Lauraflanders-DavidSirotaCountryFirst158,True,1,4
Lauraflanders-DavidSirotaMakingGoliathWalk993,True,1,3
Lauraflanders-FWordJuly72008594,False,1,1
Lauraflanders-GRITtvCommentaryBillFletcherOnBaseball408,False,1,2
Lauraflanders-GRITtvCommentaryBrianJones977,False,0,3
Lauraflanders-GRITtvCommentaryDavidSirotaOnJuly142008673,True,1,4
Lauraflanders-GRITtvCommentaryDavidSirotaOnObamaAndCentrism866,True,1,3
Lauraflanders-GRITtvCommentaryDedrickMuhammad775,False,1,4
Lauraflanders-GRITtvCommentaryDoIHearABidForPatientDebt945,False,1,1
Lauraflanders-GRITtvCommentaryHeidiBoghosian632,True,1,3
Lauraflanders-GRITtvCommentaryJune232008546,True,1,7
Lauraflanders-GRITtvCommentaryLauraFlandersOnDelMartinsPassing980,True,1,4
Lauraflanders-GRITtvCommentaryMarthaBurk867,True,1,1
Lauraflanders-GRITtvCommentaryMoniqueHarden9308247,False,1,2
Lauraflanders-GRITtvCommentarySomeThingsThatNeverChange896,False,1,3
Lauraflanders-GRITtvCommentaryTheFoodCrisis776,False,0,1
Lauraflanders-GRITtvDavidBenderOnTheHillaryRFKFlap225,False,1,2
Lauraflanders-GRITtvFWordJuly92008321,True,1,5
Lauraflanders-GRITtvFeaturesRemixDISAPPOINTMENTStranahan875,True,1,4
Lauraflanders-GRITtvPhyllisBennisCommentary874,True,1,10
Lauraflanders-LiveFromMainstreet902,False,1,2
Lauraflanders-TheFWordAugust112008131,True,1,3
Lauraflanders-TheFWordAugust122008443,True,0,2
Lauraflanders-TheFWordAugust132008181,True,1,3
Lauraflanders-TheFWordAugust142008569,False,1,1
Lauraflanders-TheFWordAugust182008896,True,1,9
Lauraflanders-TheFWordAugust192008478,False,1,5
Lauraflanders-TheFWordAugust272008LiveFromDNC258,True,1,4
Lauraflanders-TheFWordAugust282008LiveFromDNC679,True,1,3
Lauraflanders-TheFWordAugust52008441,True,2,2
Lauraflanders-TheFWordAugust72008ISOLATED484,True,1,2
Lauraflanders-TheFWordJuly142008282,True,1,4
Lauraflanders-TheFWordJuly162008867,True,1,4
Lauraflanders-TheFWordJuly172008163,True,0,4
Lauraflanders-TheFWordJuly22008710,True,1,2
Lauraflanders-TheFWordJuly232008742,True,2,7
Lauraflanders-TheFWordJuly242008216,True,1,5
Lauraflanders-TheFWordJuly32008736,True,1,4
Lauraflanders-TheFWordJuly92008224,True,1,5
Lauraflanders-TheFWordMourningStephanieTubbsJonesAugust212008222,True,1,8
Lauraflanders-TheFWordSeptember22008627,False,3,3
Lauraflanders-TheFWordSeptember32008677,True,1,6
Lauraflanders-TheFWordSeptember82008269,True,1,6
Lauraflanders-TheFWordSeptember92008677,True,2,5
Lauraflanders-TheFWordTheEconomyOfGenerosity808,False,0,1
Lauraflanders-TheFWordWhyIsntRoveInJail919,True,1,4
Lauraflanders-TheFWordWhyObamaNeedsANewDealAugust42008168,True,1,3
Legourmettv-1860BeerBrewingPart3901,True,1,24
Legourmettv-BraisedVealInStout230,True,1,32
Legourmettv-CajunSpiceRubRecipe979,True,1,15
Legourmettv-CleaningMussels450,True,1,24
Legourmettv-CuminSaladDressingRecipe423,True,1,8
Legourmettv-HotAndSpicyGrillRub861,True,1,12
Legourmettv-HowToMakeAGrahamCrackerCrust902,True,1,29
Legourmettv-HowToMakeEggMeringue127,True,1,29
Legourmettv-MontrealSteakSpiceRecipe377,True,1,9
Legourmettv-PEIFoodFestivals124,True,1,16
Legourmettv-RibNChickenSpiceRubRecipe479,True,1,21
Lhgreene-RogueOperasLaBohemePromoVideo466,False,0,1
Libationblog-CucumberCupCocktailRecipe810,True,1,9
Libationblog-JDSmoothieDrink389,True,3,11
Livingasiachannel-DTCCIDSFCOMPETITION190,False,0,2
Livingasiachannel-DTCCIDSFCOMPETITION980,False,0,1
Lorenzosmusic-DrinkinByMyselfLorenzosMusic722,True,1,30
Luukdiphoorn-InternationalWaterHouseWithoutWater460,True,2,10
Maqex-AmorDeMadreLuisEnriqueMejaGodoy431,True,0,7
Marcdavid-BurnTheFatInnerCircleVideoTour518,True,2,17
Marquisdejolie-IWasOnSteroids803,False,1,5
Marquisdejolie-PennyArcadeOfMyEarlyStuff522,True,1,29
Marquisdejolie-VALiars489,False,1,42
Marquisdejolie-VisitingTheShelterPart3147,True,1,7
Mcusa-ArmorOfGod942,False,1,5
Mdtmusic-InTheNameOfTheFamilySuite496,True,0,1
Mdtmusic-Salvation491,True,0,1
Mdtmusic-SpaceAce273,False,0,1
Mediagrouptv-CircuitoOff2008Day01OpeningParty179,True,2,80
Mediagrouptv-SecondSexeTintoBrassKickTheCockCircuitoOff2008Day04684,True,2,46
MeetCleaverTheatre-MCTBlackSheep339,True,2,28
MeetCleaverTheatre-MCTTribulation99ZELDA494,True,1,31
Menomenation-NoahGundersenJesusJesusLiveTheRedRoom3152009756,False,0,1
Microdac-Birds199,True,0,3
Mode2-LeeveyILikeLove494,True,0,5
Mtaatv-AYFeatAvrilLeoRemix882,True,1,64
Mtaatv-CannibalIWish186,True,1,16
Mtaatv-WyreSheSayDat487,True,0,4
Muzik4machines-MuddyMilfshakeMuzik4MachinesNewRoomIMovie743,False,0,17
Nerdgasmic-BattlestarGalacticaRevelations479,False,1,3
Newsdate2011-Episode1ADevilOnMyDesk541,True,3,16
NickDutch-AGhostStory421,False,1,3
NickDutch-FreeTarotReadings127,True,1,69
NickDutch-FreeTarotReadings262,True,0,1
NickDutch-FreeTarotReadings291,False,0,1
NickDutch-FreeTarotReadings465,False,0,1
NickDutch-FreeTarotReadings781,False,1,5
NickDutch-TheTarotShowWithNickDutch435,True,0,3
NickDutch-TheTarotShowWithNickDutch513,True,0,1
NickDutch-TheTarotShowWithNickDutch568,True,0,1
Nitaai-00001EveryActionHasReaction589,False,0,1
Nitaai-00001SoundVibration952,False,0,2
Nitaai-00003JanuKunda829,True,0,1
Nitaai-0004GundichaMarjanaPastime1525,False,0,1
Nitaai-02AllPotenciesinHolyName292,False,1,1
Nitaai-07Rathayatra981,True,0,9
Oneteaaweek-OneTeaAWeekIntroductionVideoPodcast418,True,0,6
Opiatefilms-BasketcaseActionscifiWebseriesPilot459,True,1,34
Opiatefilms-SimonEmilyFHTAPromoHQ175,True,2,28
PDXK-CyclocrossCrusadeAlpenroseRacePromo841,False,1,7
PDXK-DrillBabyDrillAtTheRNC569,True,3,39
Palau-PortlandCityFestPromo682,False,6,16
Palau2-PortlandCityCouncilMeetingNickFishCommentsOnSeasonOfSe206,True,1,8
Palau2-SeasonOfServiceOverviewForCatalyst393,True,1,22
Patrizio_m-50CentFeatJustinTimberlakeAyoTechnologyPatrizioMarchesa792,True,0,4
Petepo-DriveLessSaveMoreInfomercial904,False,1,8
Plus1tv-BarcraftTrailer801,True,1,7
Poetminor158-BllyLittleInterview663,True,1,11
Poetminor158-ElderJosephLTolton322,True,0,3
Poetminor158-ReverendJamaulRoots260,True,0,5
Poetminor158-ThePoetOfTheMillenium230,True,1,3
Politicallunch-PoliticalLunch011508597,True,1,13
Politicallunch-PoliticalLunch022108ThursdaySnack106,True,1,22
Politicallunch-PoliticalLunch022908795,True,1,25
Politicallunch-PoliticalLunch031108TuesdaySnack693,True,1,22
Politicallunch-PoliticalLunch031808TuesdaySnack327,True,1,16
Politicallunch-PoliticalLunch032508TuesdaySnack271,True,1,19
Politicallunch-PoliticalLunch040908974,True,3,26
Politicallunch-PoliticalLunch041008GayRightsThursdaySnack297,True,1,14
Politicallunch-PoliticalLunch041508TaxDaySpecial648,True,1,16
Politicallunch-PoliticalLunch042108930,True,4,30
Politicallunch-PoliticalLunch042408ThursdaySnack939,True,2,14
Politicallunch-PoliticalLunch042508736,True,3,27
Politicallunch-PoliticalLunch042908TuesdaySnack650,True,1,17
Politicallunch-PoliticalLunch050608PrimaryTuesdaySnack577,False,2,5
Politicallunch-PoliticalLunch050808MichiganSnack528,True,1,13
Politicallunch-PoliticalLunch051308111,True,1,11
Politicallunch-PoliticalLunch052708875,True,1,22
Politicallunch-PoliticalLunch081208TuesdaySnack407,False,1,13
Politicallunch-PoliticalLunch090608BrunchSpecial10Lessons852,True,1,31
Politicallunch-PoliticalLunch090908TuesdaySnack967,True,3,16
Politicallunch-PoliticalLunch092308150StrategySnack991,True,1,33
Politicallunch-PoliticalLunch093008BailoutBillBlameGameSnack740,True,1,19
Politicallunch-PoliticalLunch100208VPDebateSnack646,True,3,41
Politicallunch-PoliticalLunch100708TuesdaySnack145,True,1,8
Politicallunch-PoliticalLunch101408ProtectingYourVote472,True,1,16
Politicallunch-PoliticalLunch102108TuesdaySnack635,True,1,12
Politicallunch-PoliticalLunch112007TuesdaySnack438,True,1,18
PrivateLessons-PRIVATELESSONSSoundbitesReneeSaxonPhoenixVoice206,False,1,1
PrivateLessons-PrivateLessonscomSoundbitesNewYorkSingerJacquelynFamilant367,False,1,1
Publicdomain-advertisment_aurora_drag_race_set681,True,1,23
Publicdomain-advertisment_baggies_plastic_bags573,True,0,5
Publicdomain-advertisment_crest_toothpaste800,True,0,3
Publicdomain-advertisment_crest_toothpaste_1310,False,1,5
Publicdomain-advertisment_folgers_coffee_10207,False,0,9
Publicdomain-advertisment_folgers_coffee_5754,False,1,9
Publicdomain-advertisment_folgers_coffee_8927,False,1,10
Publicdomain-advertisment_ge_bender408,True,0,18
Publicdomain-advertisment_ivory_soap497,True,1,10
Publicdomain-advertisment_jet_national563,False,0,10
Publicdomain-advertisment_mennen_baby_magic442,False,0,7
Publicdomain-advertisment_new_port_cigarettes_5531,False,0,3
Publicdomain-advertisment_newport_cigarettes_1259,True,1,8
Publicdomain-advertisment_newport_cigarettes_3657,False,1,4
Publicdomain-advertisment_norelco_shaver677,False,0,7
Publicdomain-advertisment_oldsmobile_2707,False,0,2
Publicdomain-advertisment_sunbeam_bread_1400,True,1,16
Publicdomain-advertisment_sunbeam_bread_4359,True,1,9
Publicdomain-advertisment_sunbeam_bread_6984,False,0,4
Publicdomain-advertisment_sunbeam_bread_8815,False,0,5
Publicdomain-advertisment_sunbeam_bread_9274,True,1,6
Publicdomain-advertisment_tide619,False,2,13
Publicdomain-advertisment_us_steel_1373,False,1,14
Publicdomain-advertisment_vicks_ny_quil298,False,0,3
Publicdomain-advertisment_vitalis876,True,0,1
Publicdomain-humorous_funny_faces_1906278,True,0,59
QueerAsFaith-MyLifeIsInYou910,False,0,10
RVO174-Episode17Persimmons850,True,1,12
ReViewMe-FunStuffMyDogLibby508,False,0,1
ReViewMe-LongAnimeSeriesRant505,True,0,1
ReViewMe-ReViewMeEpisode11TwoForOneTwilightBookAndMovieReview756,True,2,2
ReViewMe-ReViewMeEpisode14SkilletAwakeAlbumDeluxeEdition473,False,0,1
ReViewMe-TsubasaReservoirChronicleVolumes16Unboxing339,False,0,1
Repgeorgemiller-CongressPassesLandmarkEnergyBill633,True,1,19
Rhayes-Refresh08TuesdayMorning600,True,1,9
Rhayes-TheFoundationForEvangelismWhatWeFund393,True,0,8
Rmc-BusLaneWithParkingSpaces977,False,0,1
Robmumble-QManPromo445,False,0,1
Runadun-2008AnEggOdyssey534,True,0,8
SEEPROGRESS-ANewEconomicEngineEnergyInThe21stCentury798,True,1,43
SEEPROGRESS-AfterTheEconomicMeltdown947,True,1,1
SEEPROGRESS-ApollosFireIgnitingAmericasCleanEnergyEconomy987,True,1,28
SEEPROGRESS-BalacingTheBudgetIraqCostsShouldntStopInvestingInAmeric453,True,1,15
SEEPROGRESS-CleanMyRideFlexMyFuelStarringBenAffleckMattDamonCen180,True,1,20
SEEPROGRESS-ClimateChangeTheStateOfTheUnionASKTHEEXPERTDanWeis539,True,1,7
SEEPROGRESS-TheHealthCareCrisis47MillionCantAffordToGetSick131,True,1,7
SEEPROGRESS-TheTyrranyOfDeadIdeasMattMillerHIGHLIGHTS844,False,0,2
SEEPROGRESS-TheYahooMicosoftMergerHowPrivateIsYourPrivacyOnline274,True,1,8
SEEPROGRESS-ThisWeekInCongressJuly232007CenterForAmericanProgress303,True,1,3
SEEPROGRESS-USIraqPolicyNeedsAStrategicResetDrLawerenceKorbOnRec361,True,1,9
SPI-ThursdayJuly242008BreakingNewsEdition202,True,1,5
Sabbah-ZionismVsJudaism498,True,2,50
SceneStealers-IronManMovieReviewBySceneStealerscom872,True,1,29
SceneStealers-SceneStealerscomRedesignTeaser1666,True,0,9
SceneStealers-SceneStealerscomRedesignTeaser2723,True,0,6
Scottyiseri-SGAOJS02E24306,True,1,20
SeraphimWines-SamScarparisWINEPORNOTV17469,False,0,1
Sgallasch-2008ArnoldStrongmanClassicDVDPreview792,True,1,11
Sgallasch-2008NABBAUNIVERSEDVDPREVIEW975,True,1,5
Sgallasch-Melvin_BlackandWhite352,True,0,6
Sgallasch-SUSANBORGFIGURECHAMPIONMAGNIFICENTMALTESEMUSCLE122,True,2,6
Sgallasch-wwwgmvcomau_2006_NABBA_Universe894,True,2,12
Sgallasch-wwwgmvcomau_GMV318DVD211,True,1,11
Sgallasch-wwwgmvcomau_GMV324DVD144,False,0,1
Sgallasch-wwwgmvcomau_GMV344360,True,1,7
Sgallasch-wwwgmvcomau_GMV380DVD926,True,0,3
Sgallasch-wwwgmvcomau_GMV403DVD541,False,0,1
Sgallasch-wwwgmvcomau_GMV648DVDpriest842,True,1,10
Sgallasch-wwwgmvcomau_GMV659DVD772,True,0,6
Sgallasch-wwwgmvcomau_Lenda_Murray502,False,0,1
Sgallasch-wwwgmvcomau_MelvinAnthony_Contest_Ready229,True,1,15
Sgallasch-wwwgmvcomau_V008DVD456,False,0,1
Sgallasch-wwwgmvcomau_V195DVDDennis832,True,1,11
Sgallasch-wwwgmvcomau_V203DVD106,True,0,9
Sgallasch-wwwgmvcomau_ahmadhaidar918,True,1,5
Sgallasch-wwwgmvcomau_al_beckles640,True,0,6
Sgallasch-wwwgmvcomau_charles_mario868,True,0,1
Sgallasch-wwwgmvcomau_gmv019dvd198,True,2,13
Sgallasch-wwwgmvcomau_gmv430784,False,0,1
Sgallasch-wwwgmvcomau_mikeohearn_craigtitus919,True,0,4
Sgallasch-wwwgmvcomau_rich_gaspari446,True,2,15
SnitcherTV-SnitcherHardcoreBluesII362,True,1,12
SnitcherTV-SnitcherHardcoreBluesIII417,False,0,1
SnitcherTV-SnitcherHardcoreBluesIV328,False,1,1
Solique-CinemaSceneDiscussionsMilosForman782,True,1,14
Solique-TheRapeOfEuropaReview951,True,1,27
Spcbrass-AdiosArrivederciAuRevoirAufWiedersehenAndGoodbye626,False,0,2
Spcbrass-RainDrops770,False,0,1
Spindaily-IndependentSpiritAwardsRedCarpetStyle623,True,2,27
Spindaily-LAFashionWeekVerusNewYorkFashionWeek327,True,1,9
Srnyclips-SportsRadioNYAnimationPromo963,True,0,4
Stevegarfield-MyMomsCookies297,True,1,4
Studiomuscle-DanielJohnstonTheLastSong904,False,1,8
Stupidfamouspeople-AdimariLopezLuisFonsiArriveToMarcAnthonys40thBirthday894,False,1,7
Stupidfamouspeople-AngelinaJolieSignsAutographsOutsideTheChangelingMoviePre561,False,0,3
Stupidfamouspeople-BobWeirPhilLeshOfGratefulDeadSignAutographsInNYC882,True,0,3
Stupidfamouspeople-BoxingAnnouncerMichaelBufferInNewYorkCity949,False,0,1
Stupidfamouspeople-BradPittAndAngelinaJolieLeavingTheChangelingPremiereIn964,False,1,4
Stupidfamouspeople-ChristianCamargoLeavesAllMySonsOnBroadwayInNYC868,True,0,1
Stupidfamouspeople-ClayAikenAvoidsGayQuestionsFromPaparazziAtSpamalot742,False,0,3
Stupidfamouspeople-DakotaFanningArrivesToTheTodayShowInNewYorkCity427,False,1,2
Stupidfamouspeople-FergieOfTheBlackEyedPeasArrivesAtFashionRocks2008Rehe858,False,1,3
Stupidfamouspeople-GuadalupeLopezJenniferLopezMotherArrivesToMarcAnthonys4115,False,0,1
Stupidfamouspeople-HarveyKeitelLeavesBarneysInNewYorkCity673,False,0,1
Stupidfamouspeople-JamieOliverTheNakedChefTalksOutsideDavidLetterman750,False,1,4
Stupidfamouspeople-JayZAndKanyeWestLeaveMarcJacobsSpring2009FashionShowI466,False,0,6
Stupidfamouspeople-JenniferLopezAndVictoriaBeckhamArriveToTheMarcJacobsSp767,True,2,14
Stupidfamouspeople-JohnMayerAndBrotherCarlMayerLeaveNobuRestaurantInNewY868,True,0,6
Stupidfamouspeople-JohnMayerLeavesHisSohoApartmentInNewYorkCity226,False,0,1
Stupidfamouspeople-KatieHolmesStrollingThroughNewYorkCityAfterLeavingHerD440,False,0,1
Stupidfamouspeople-KimRaverLeavesMarcJacobsSpring2009FashionShowInNewYor562,False,2,1
Stupidfamouspeople-KimoraLeeSimmonsDjimonHounsouArriveToMarcAnthonys40th435,False,1,7
Stupidfamouspeople-KirstenDunstAtTheHounddogMoviePremiereInNYC985,False,0,1
Stupidfamouspeople-LeonaLewisAtFashionRocks2008InNewYorkCityFashionWeek531,False,1,1
Stupidfamouspeople-LindsayPriceAndBoyfriendRobertBuckleyOutAndAboutInNew188,True,1,8
Stupidfamouspeople-MileyCyrusChecksOutOfHerHotelInNewYorkCity258,False,3,22
Stupidfamouspeople-PaparazziFootageOfArtieLangOfHowardSternJokingWithFans826,False,1,8
Stupidfamouspeople-PaparazziFootageOfBenAffleckAndJenniferGarnerWithoutBab353,False,0,6
Stupidfamouspeople-PaparazziFootageOfBrookeShieldsAndGinaGershonInNewYork651,True,2,5
Stupidfamouspeople-PaparazziFootageOfChampionBoxerRoyJonesJrAtGoodMorning829,False,1,5
Stupidfamouspeople-PaparazziFootageOfCynthiaNixonBeingGrumpyInTheCity519,False,0,2
Stupidfamouspeople-PaparazziFootageOfEmmaRobertsJuliaRobertsNieceInNewYor546,False,2,3
Stupidfamouspeople-PaparazziFootageOfGuitaristStevenVanZandtOfBruceSprings959,True,0,4
Stupidfamouspeople-PaparazziFootageOfJackBlackShowingOffHisKungFuPandaSk629,False,0,6
Stupidfamouspeople-PaparazziFootageOfJennyLewisAtLateShowWithDavidLetterm133,False,1,7
Stupidfamouspeople-PaparazziFootageOfJennyLewisAtLateShowWithDavidLetterm317,True,2,7
Stupidfamouspeople-PaparazziFootageOfKateBosworthBoyfriendJamesRousseauIn611,True,1,20
Stupidfamouspeople-PaparazziFootageOfKellyRutherfordWithHusbandAndBabySon620,True,2,5
Stupidfamouspeople-PaparazziFootageOfRickyGervaisAtLateShowWithDavidLette756,True,2,6
Stupidfamouspeople-PaparazziSayingHelloToTomCruisesMomAndKatieHolmesParen826,False,0,2
Stupidfamouspeople-PaparazziVideoOfKateBosworthAndBoyfriendJamesRousseauIn959,True,0,19
Stupidfamouspeople-PaparazziVideoOfMileyCyrusAtZ100AndDeniesAutographHoun625,False,0,1
Stupidfamouspeople-PhilCollinsHasNoTimeForHisFansInNewYorkCity729,False,0,2
Stupidfamouspeople-RichardDreyfussLeavesThePremiereOfWInNewYorkCity378,True,1,2
Stupidfamouspeople-RosiePerezAtTheWMoviePremiereInNewYorkCity493,False,0,1
Stupidfamouspeople-SofiaCoppolaArrivesToMarcJacobsSpring2009InNewYorkCit929,False,2,14
Stupidfamouspeople-TomCruiseAndKatieHolmesReturnHomeAfterAllMySonsOpenin152,True,1,12
Stupidfamouspeople-TomCruiseJadaPinkettSmithSneakIntoKatieHolmesPlay566,True,0,4
Stupidfamouspeople-UglyAgynessDeynAndAlbertHammondJrOfTheStrokesLeavingM278,False,0,2
Subfightercom-BraboChokeFromHalfGuard226,False,0,2
Subfightercom-SideToBackPosition330,False,0,5
SynchroTheatre-123VideoTrailer550,True,1,14
SynchroTheatre-Hello287,False,0,2
SynchroTheatre-SnowQueenTeaser651,True,1,6
TLDM-CharismaticDelusionPart1Of4741,True,1,47
TLDM-TheMiraculousStoryOfBaysidePart10Of11607,False,0,10
TLDM-TheMiraculousStoryOfBaysidePart11Of11993,False,0,1
TLDM-TheMiraculousStoryOfBaysidePart3Of11630,False,2,17
TLDM-TheMiraculousStoryOfBaysidePart7Of11111,True,1,36
Talkradionewsservice-CongressmanRoyBluntTalksAboutTheHouseInterruptingTheMem944,False,1,3
TastingNotesAtDistrict-RoccapiaSangioveseChiantiTuscanyItaly2007862,True,0,2
Teatips-TeaTipsEpisode14CravingTeas761,True,2,24
Teatips-TeaTipsEpisode851952PuerhTea598,False,1,1
Thatsportsshow-ThatSportsShowBlazingShootingAndCrossDressing920,True,1,22
Thatsportsshow-ThatSportsShowMarburyPitBullsAndInterns384,True,1,22
Thatsportsshow-ThatSportsShowPartyBoatsAndGunshots852,True,1,26
Thatsportsshow-ThatSportsShowTerrellOwens985,True,1,18
Thatsportsshow-ThatSportsShowThugsPunksAndMarkCuban250,True,1,15
Thatsportsshow-ThatSportsShowWeHardlyKnewYe621,True,1,25
Thatsportsshow-TwitsTwitterAndMattStraqsHeadExploding895,True,1,30
TheEpicSeason-JesseCsincsak357,True,1,15
TheEpicSeason-VailResortsPresentsBeaverCreekColorado743,True,1,27
TheEpicSeason-VailResortsPresentsKeystoneColorado964,True,0,36
TheEpicSeason-VailSnowdaze252,False,0,1
TheJAMAREPORT-ADULTSTEMCELLSAREHELPINGPATIENTSWITHAUTOIMMUNEDISEASESA376,True,1,26
TheJAMAREPORT-ADVANCESINGENETICMEDICINEAREGREATBUTSOMEHEALTHCAREWORKE804,True,2,25
TheJAMAREPORT-BABIESBORNPREMATUREMAYHAVECONTINUEDHEALTHRISKSDURINGCHI237,True,1,28
TheJAMAREPORT-BISPHENOLAASSOCIATEDWITHANINCREASEDRISKOFDISEASEINADUL565,True,1,24
TheJAMAREPORT-CHANGESTOMEDICAREANDACCESSTOCAREFORCANCERPATIENTS318,True,1,25
TheJAMAREPORT-COMBINATIONOFMAMMOGRAPHYANDULTRASOUNDINCREASESDETECTIONOF782,True,1,24
TheJAMAREPORT-COSTOFTREATINGSPINEPROBLEMSINCREASESBUTPATIENTSONAVERAG415,True,1,25
TheJAMAREPORT-FAMILYHISTORYOFCOLORECTALCANCERMAYIMPROVECHANCEOFSURVIV604,True,1,23
TheJAMAREPORT-FATNESSVERSUSFITNESSCARDIOVASCULARFITNESSAPPEARSMOREIMPOR970,True,1,27
TheJAMAREPORT-GENEMUTATIONMAYHELPEXPLAINDIFFERENCEINLUNGFUNCTIONAMONG450,True,1,31
TheJAMAREPORT-HIVINFECTIONRATESINUSHIGHERTHANFIRSTTHOUGHT184,True,1,23
TheJAMAREPORT-HOSPITALIZEDPATIENTSARELESSLIKELYTOSURVIVECARDIACARREST590,True,1,26
TheJAMAREPORT-LOWERBLOODPRESSUREANDCHOLESTEROLTARGETSFORDIABETICSMAYR892,True,1,20
TheJAMAREPORT-MERCKFAILSTODISCLOSEMORTALITYRISKASSOCIATEDWITHVIOXX529,True,1,15
TheJAMAREPORT-MILITARYTROOPSRETURNINGFROMCOMBATMAYEXPERIENCEBINGEDRINK180,True,1,21
TheJAMAREPORT-MONITORINGBLOODPRESSUREATHOMEANDONASECUREWEBSITEMAYH793,True,1,29
TheJAMAREPORT-OBESITYLEVELSAMONGCHILDRENANDTEENSSTABILIZE688,True,1,24
TheJAMAREPORT-PATIENTSLIVINGINRURALAREASARELESSLIKELYTORECEIVEORGAN429,True,4,26
TheJAMAREPORT-RESEARCHERSIDENTIFYPREDICTORSFORSPINEFRACTURESMOSTCOMMON338,True,1,23
TheJAMAREPORT-RESEARCHERSSTUDYUSFAMILIESINWHICHATLEASTONEPARENTHASH276,False,0,10
TheJAMAREPORT-ROUTINECARDIACCATHETERIZATIONBENEFITSSOMEWOMENWITHHEARTD782,True,1,24
TheJAMAREPORT-SOMEPATIENTSNOTABLETOAFFORDPRESCRIPTIONSDESPITEENROLLING660,True,1,26
TheJAMAREPORT-STJOHNSWORTDOESNOTIMPROVESYMPTOMSOFATTENTIONDEFICITHYPE461,True,1,23
TheJAMAREPORT-STUDYFINDSASSOCIATIONBETWEENDIABETESANDDEPRESSION881,True,1,22
TheJAMAREPORT-STUDYFINDSBETTERQUALITYOFLIFEFORTERMINALLYILLPATIENTSW666,True,2,16
TheJAMAREPORT-STUDYFINDSBVITAMINSDONOTHELPPREVENTHEARTATTACKSORSTRO962,True,1,25
TheJAMAREPORT-STUDYFINDSDIVERSITYWITHINUSMEDICALSCHOOLSHELPSTOTREATA629,True,1,26
TheJAMAREPORT-STUDYFINDSGINKGOBILOBADOESNOTHELPPREVENTDEMENTIAANDALZ761,True,1,20
TheJAMAREPORT-STUDYFINDSHIGHDOSEINTAKEOFTHREEBVITAMINS578,True,1,19
TheJAMAREPORT-STUDYFINDSHIGHDOSEINTAKEOFTHREEBVITAMINSDOESNOTREDUCE116,True,1,17
TheJAMAREPORT-STUDYFINDSHIGHDOSEINTAKEOFVITAMINSCEDOESNOTREDUCERIS816,True,1,16
TheJAMAREPORT-STUDYFINDSMANYCHILDRENARENOTGETTINGTHEPHYSICALACTIVITY334,True,1,32
TheJAMAREPORT-STUDYFINDSMARIJUANASMOKINGISRISKFACTORFORGUMDISEASE519,True,1,29
TheJAMAREPORT-STUDYFINDSPHYSICALACTIVITYMAYHELPIMPROVECOGNITIVEFUNCTIO827,True,1,19
TheJAMAREPORT-STUDYFINDSPOPCORNNUTSANDCORNDONOTINCREASETHEINCIDENCE585,True,1,19
TheJAMAREPORT-STUDYFINDSRACIALDISPARITYNOLONGERASSOCIATEDWITHNATIONSC280,True,1,25
TheJAMAREPORT-STUDYFINDSSIGNIFICANTDIFFERENCESINCARDIACARRESTINCIDENCE764,True,0,20
TheJAMAREPORT-STUDYMEASURESPREVALENCEOFCANCERCAUSINGGENEMUTATIONINHISP365,True,1,22
TheJAMAREPORT-STUDYSHOWSCHANGEINLIFESYTLEHABITS389,True,1,36
TheJAMAREPORT-TEENAGERSWHODONATEBLOODMAYEXPERIENCEANADVERSEREACTION941,True,1,21
TheJAMAREPORT-TESTOSTERONESUPPLEMENTATIONNOTBENEFICIALINCOMBATINGMOSTEF226,False,1,32
TheJAMAREPORT-VIAGRAAPPEARSTOHELPTREATANTIDEPRESSANTRELATEDSEXUALSIDE318,True,1,25
TheJAMAREPORT-VITAMINEIMPORTANTTOPHYSICALHEALTHASYOUAGE908,True,1,23
TheJAMAREPORT-WEIGHTLOSSDRUGSHOWSPROMISEFORHELPINGTHOSEWITHCORONARYH748,True,1,34
TheJAMAREPORT-WOMENREMAINATRISKFORBREASTCANCERTHREEYEARSAFTERSTOPPIN770,True,1,30
TheJAMAREPORT-WOMENWHOQUITSMOKINGCANDECREASETHEIRRISKOFCERTAINFATAL707,True,2,31
TheOintment-4000th264,True,1,8
TheOintment-BlackAndWhite502,True,1,9
TheOintment-ClintonAccusesObamaOfPlagiarism180,False,1,7
TheOintment-DaddysUterusAndOtherStories958,True,2,10
TheOintment-EncoreSuperTuesdayUpdate896,True,1,10
TheOintment-FakeHillaryClintonAdExperienceMatters814,True,2,19
TheOintment-FridayFreshness590,True,2,8
TheOintment-GasPain438,True,2,8
TheOintment-HappyMothersDay180,True,1,9
TheOintment-JuniorSuperTuesday715,False,1,9
TheOintment-MondayMadness320,False,1,7
TheOintment-NotSoSuperDelegates487,False,1,7
TheOintment-ObamaClintonGrudgeMatch758,True,1,10
TheOintment-TaxDeadline756,True,1,12
TheOintment-WeekInReview22208481,True,1,7
TheOintment-WeekInReview4408583,True,1,15
TheOintment-WithFriendsLikeThese940,True,2,25
TheWineVault-CentralOtagoVsMarlboroughPinotNoirWVTVEpisode74534,True,1,3
Theexsmoker-WelcomeToTheExSmokercom729,False,1,1
Tooncast-TalkLikeAPirateDay993,True,0,3
UBM-02050dManchildAndBride04944,True,1,15
Underlab-ShortFilmsDawnDubrielsTheLastDutchess521,True,1,40
Useeblu-BlubrryJamIsComing335,True,0,2
VirginBob-CourteenersToHeadlineNextVFestival406,True,0,26
VirginBob-CutCopyVFestivalMelbourne450,False,1,6
VirginBob-DuranDuranVFestivalMelbourne275,False,0,1
VirginBob-PresetsVFestivalMelbourne656,False,0,4
VirginBob-VFestivalPerthAustraliaPart3367,False,0,6
VirginBob-VFestivalPerthAustraliaPart4584,True,0,7
VirginBob-VFestivalStealsTheSunshine834,True,1,12
VirginBob-WhipcrackinVFestival241,False,0,1
Wardy-Episode36CheeseSteak697,False,1,23
Wardy-Episode71Announcement737,True,1,4
Wardy-RestaurantFoodFastEpisode24494,True,1,15
Weldon-BradyWiederholdKneeDrill2380,False,1,11
Weldon-DrHollingsworthAcupuncture313,True,1,24
WybaK-MIRACLEKAABAAVOIR920,True,1,139
Wyshy-IJoebotConfessional600,False,0,2
