filename,duration,explicit,licence,size,title,uploader_id,uploader_login
Aabbey1-InvitationToSummer2009RabbinicalStudySeminarAtHartmanIn262,100,false,,6330756,"Invitation to Summer 2009 Rabbinic Study Seminar at Hartman Institute, Jerusalem",196106,aabbey1
Aabbey1-RachelSabathBeitHalachmiThreeModelsOfTorahOnCelebrating136,402,false,,30294842,"Rabbi Rachel Sabath Beit-Halachmi: Three Models of Torah, on Celebrating Shavuot",196106,aabbey1
Aabbey1-ShalomHartmanInstitutesInnovativeTheologyConference661,212,false,,13742982,Shalom Hartman Institute&apos;s Innovative Theology Conference,196106,aabbey1
Acnethai-414,584,false,,32123974,EP5:&#3585;&#3634;&#3619;&#3613;&#3633;&#3591;&#3648;&#3586;&#3655;&#3617;&#3619;&#3633;&#3585;&#3625;&#3634;&#3626;&#3636;&#3623;,343571,acnethai
Acnethai-EP4HowToMakeUpForAcneFromBobbiBrown565,429,false,,38037812,EP4: How to make up for acne from Bobbi Brown,343571,acnethai
Actorsandcrew-TheBigBreak844,70,false,,4360661,The Big Break,199939,actorsandcrew
Akachan-XF3ARMYProjectPromo360,55,false,,3696631,XF3 ARMY project - promo,396633,akachan
Anglicantv-FCA2009ArchbishopVenables921,1186,false,,80142464,FCA 2009: Archbishop Venables,331941,anglicantv
Anglicantv-FCA2009BishopBenn159,617,false,,41873522,FCA 2009: Bishop Benn,331941,anglicantv
Anglicantv-FCA2009InterviewWithArchbishopJensenAndArchbishopVeneabl988,1234,false,,80614001,FCA 2009: Interview with Archbishop Jensen and Archbishop Veneables,331941,anglicantv
Anglicantv-FCA2009RevRoberts569,615,false,,40278294,FCA 2009: Rev. Roberts,331941,anglicantv
Barandide-CarmenTrailer259,98,false,,2979240,Carmen Trailer,389524,barandide
Barandide-PucciniMadameButterfly740,269,false,,7890474,Puccini - Madame Butterfly,389524,barandide
Bavc-GossipChismeDeborah157,1958,false,,78881682,Gossip | Chisme - Deborah,1251,bavc
Bavc-GustavosStoryHistoriaDeGustavoIvonne893,280,false,,15719253,Gustavo&apos;s Story | Historia de Gustavo - Ivonne (Abriendo las Cajas),1251,bavc
Bavc-MyPrinceCharmingMiPrincipeAzulVeronica726,292,false,,16662520,My Prince Charming | Mi Principe Azul - Veronica,1251,bavc
Bluecanoerecords-BlessYou868,38,false,,2318790,Bless You,228353,bluecanoerecords
Bluecanoerecords-DatzIt241,264,false,,17283258,Datz It,228353,bluecanoerecords
Bluecanoerecords-JosephPatrickMooreTalksAboutMilesDavis954,112,false,,6836231,Joseph Patrick Moore talks about Miles Davis +,228353,bluecanoerecords
Bluecanoerecords-NabilKhemir770,203,false,,13511770,Nabil Khemir,228353,bluecanoerecords
Cariblifecentral-3EnergyGodElephantManMiamiDancehallConcert780,72,false,,4725838,3.Energy God Elephant Man - Miami Dancehall Concert,276695,cariblifecentral
Celluloidremix-Cellushape912,175,false,,10989157,Cellushape,338545,celluloidremix
ChefsLine-IsraeliCouscous910,126,false,,8173547,Israeli Couscous,90562,ChefsLine
ChefsLine-KansasCityBarbecueSauce196,118,false,,7828564,Kansas City Barbecue Sauce,90562,ChefsLine
ChefsLine-PastaFrittata697,122,false,,8195993,Pasta Frittata,90562,ChefsLine
ChefsLine-SpicyLambBurgersWithRaita938,120,false,,7657041,Spicy Lamb Burgers with Raita,90562,ChefsLine
Chuckm-SummerInTheCityACappella546,160,false,,9906672,Summer in the City -- A Cappella,51257,chuckm
ClaudeBesson-JOYEUXNOEL355,91,false,,4971342,JOYEUX NOEL,42340,claude besson
ClaudeBesson-LesNewsDuCARGOClub218,139,false,,7278547,Les News du CARGO Club,42340,claude besson
ClaudeBesson-ROCKAAGORA28012007188,109,false,,6592151,ROCK A AGORA 28/01/2007,42340,claude besson
Clif-Episode1570,307,false,,22145759,Episode 1,199052,Clif
CookingUpAStory-BackyardChickensTourDeCoops216,122,false,,8077326,Backyard Chickens: Tour de Coops,53421,Cooking Up A Story
CorrosionDC-MightyMikeSagaAndC365RadioCrashYour4thOfJulyParty655,55,false,,3279175,Mighty Mike Saga and c365Radio crash your 4th of July Party!,374768,CorrosionDC
Coruway-BaldGuyOnClimateChange001743,67,false,,4642647,Bald Guy on Climate Change 001,162779,Coruway
Craigleach21-MultiMovements433,50,false,,3769406,MultiMovements,260122,craigleach21
Crashsolo-OneMinuteSemiHomemadeMoneySavingMeals299,86,false,,5718444,One Minute Semi-Homemade Money Saving Meals,112708,crashsolo
Critter-InsanityWeek3Day3400,111,false,,7295393,Insanity Week 3 Day 3,129862,Critter
Culinarymedia-ChefMarksQuickBitesBlackGarlic132,149,false,,9708484,Chef Mark&apos;s Quick Bites: Black Garlic,138005,culinarymedia
Culinarymedia-CMNVideoCocktailHourBasilMoTeato848,225,false,,14668441,"CMN Video: Cocktail Hour - Basil Mo""Tea""to",138005,culinarymedia
Culinarymedia-CMNVideoDiscoveringColonialVirginia791,289,false,,19447570,CMN Video: Discovering Colonial Virginia,138005,culinarymedia
Culinarymedia-CMNVideoForkInTheRoadPerSe357,78,false,,5148654,CMN Video: Fork in the Road - Per Se,138005,culinarymedia
Culinarymedia-QuickBitesHawaiiKapaluaFarmsComposting226,127,false,,8238766,Quick Bites Hawaii: Kapalua Farms Composting,138005,culinarymedia
Culinarymedia-QuickBitesHawaiiMakawaoMushroomsMaui217,101,false,,6750596,"Quick Bites Hawaii: Makawao Mushrooms, Maui",138005,culinarymedia
Culinarymedia-QuickBitesWalesNationalBotanicGarden555,151,false,,10013159,Quick Bites Wales: National Botanic Garden,138005,culinarymedia
CutthroatMolloy-AskScuurvy607,69,false,,14675498,Ask Scuurvy!,296083,Cutthroat Molloy
CutthroatMolloy-VictorianBushfiresBenefitGigSUNMarch1stMonstrothic235Ed551,90,false,,21507253,Victorian bushfires benefit gig SUN March 1st Monstrothic 235 Edward street Brisbane!,296083,Cutthroat Molloy
CutthroatMolloy-WhatCouldBeBetter245,68,false,,15616167,What could be better?,296083,Cutthroat Molloy
Dahowlett-PulpoGaliciana440,328,false,,358814,Octopus with paprika,87494,dahowlett
Daterobertpattinson-RobertPattinsonInLoveShowersKristenStewartWithGifts930,32,false,,2284643,Robert Pattinson in Love! Showers Kristen Stewart with Gifts!,430909,daterobertpattinson
Davidleeking-djembe139,42,false,,2641554,djembe,7244,davidleeking
Davidleeking-fun409,15,false,,901720,fun?,7244,davidleeking
Deepintosports-DeepIntoSportscom31109WorldBaseballClassicWatchIt345,98,false,,6912960,DeepIntoSports.com 3-11-09: World Baseball Classic-Watch It!,360881,deepintosports
Deepintosports-DeepIntoSportscom41109LessonsFromNickAdenhart789,82,false,,5526757,DeepIntoSports.com 4-11-09: Lessons from Nick Adenhart,360881,deepintosports
Deepintosports-DeepIntoSportscom51909PlayoffLetdowns846,92,false,,6463998,DeepIntoSports.com 5-19-09: Playoff Letdowns,360881,deepintosports
DetrimentalInformati-BattleForTheTenCommandments529,203,false,,12948576,Battle for the Ten Commandments,22026,DetrimentalInformati
DigitalFrontiers-ApolloBeyondCh21Of21TheFinalSolution255,291,false,,15467710,Apollo Beyond (Ch. 21 of 21): The Final Solution,57753,DigitalFrontiers
Dinap830-GE17HeartOpeningStuff494,248,false,,17716620,GE 17 - Heart Opening Stuff,106294,dinap830
Dinap830-GE22QuadsInnerHotness754,238,false,,17011081,GE 22 - Quads & Inner Hotness,106294,dinap830
Dinap830-GE26BindsThoseBlastedTraps955,205,false,,14566745,GE 26 - Binds & Those Blasted Traps,106294,dinap830
Dinap830-GE27CoreTransversusSixPack251,153,false,,10894028,GE 27 - Core Transversus Six Pack,106294,dinap830
Dinap830-GE32AlternatingNostrilsBrains976,218,false,,13532050,GE 32 - Alternating Nostrils & Brains,106294,dinap830
Dinap830-GE36EwLocusts586,205,false,,12725073,GE 36 - Ew...Locusts,106294,dinap830
Dinap830-GE42ExercisesNotNice773,203,false,,12857974,GE 42 - Exercises Not Nice,106294,dinap830
Dinap830-GE50PostPartyTwist630,176,false,,11339866,GE 50 - Post Party Twist,106294,dinap830
Dinap830-GE54CockeyedTwistArr876,170,false,,11292898,GE 54 - Cockeyed Twist Arr,106294,dinap830
Dinap830-GE75TwoGurusADoOver839,208,false,,13547941,GE 75 - Two Gurus & a Do-Over,106294,dinap830
Dinap830-GE84PitsOpenNoBlues628,145,false,,9616730,GE 84 - Pits Open No Blues,106294,dinap830
Dinap830-GE93AlmostAtPeakPoseStretches509,257,false,,16684532,GE 93 - Almost At Peak Pose Stretches,106294,dinap830
Dinap830-GE96WallNStrapStretching900,228,false,,14927364,GE 96 - Wall &apos;n Strap Stretching,106294,dinap830
Dobro33H-CheapThrils651,557,false,,2274919,Cheap Thrils,69886,Dobro33H
Drinkart-MakersMarkEggNogArtOfTheDrink51899,598,false,,42006352,Maker&apos;s Mark Egg Nog - Art of the Drink 51,53360,drinkart
Drinkart-SharkIceArtOfTheDrink67614,369,false,,24369377,Shark Ice - Art of the Drink 67,53360,drinkart
Drinkart-SingaporeSlingArtOfTheDrink50269,488,false,,35022178,Singapore Sling - Art of the Drink 50!,53360,drinkart
DrinkingWithBob-BritneySpearsIsGoingOnTour210,99,false,,5675943,Britney Spears is Going on Tour...,1270,drinking with bob
Eclectone-HappyNewYearFromEclectoneRecords790,135,false,,9470173,Happy New Year from Eclectone Records!,304584,eclectone
EconomyInCrisis-AlternativeFuelsComeback948,149,false,,10325717,Alternative Fuel&apos;s Comeback,358736,EconomyInCrisis
EconomyInCrisis-AmericasRoots430,121,false,,8297054,America&apos;s Roots,358736,EconomyInCrisis
EconomyInCrisis-ASolutionToTheTradeDeficit674,156,false,,11129851,A Solution to the Trade Deficit,358736,EconomyInCrisis
EconomyInCrisis-BailoutInfighting736,145,false,,10171483,Bailout Infighting,358736,EconomyInCrisis
EconomyInCrisis-EconomicIlliteracy922,143,false,,9905757,Economic Illiteracy,358736,EconomyInCrisis
EconomyInCrisis-FallingUSTaxRevenue222,191,false,,13178459,Falling U.S. Tax Revenue,358736,EconomyInCrisis
EconomyInCrisis-FalseFlagsOfRecovery150,163,false,,11498518,False Flags of Recovery,358736,EconomyInCrisis
EconomyInCrisis-FearsOfANewRecession436,152,false,,10706939,Fears of a New Recession,358736,EconomyInCrisis
EconomyInCrisis-FinancialReform130,146,false,,10294685,Financial Reform.,358736,EconomyInCrisis
EconomyInCrisis-FixingTheEconomy183,171,false,,11869596,Fixing the Economy,358736,EconomyInCrisis
EconomyInCrisis-FreeTradeAndTheClassWar750,162,false,,11389270,"""Free Trade"" and the Class War",358736,EconomyInCrisis
EconomyInCrisis-GMBankruptcy879,171,false,,11957090,GM Bankruptcy,358736,EconomyInCrisis
EconomyInCrisis-JusticeSoutersRetirement978,132,false,,9595887,Justice Souter&#8217;s Retirement,358736,EconomyInCrisis
EconomyInCrisis-MadeInTheUSA595,175,false,,12265815,Made in the U.S.A.,358736,EconomyInCrisis
EconomyInCrisis-PatChoateGovernment846,91,false,,6820238,Pat Choate - Government,358736,EconomyInCrisis
EconomyInCrisis-PotentialSolutions463,184,false,,13084744,Potential Solutions,358736,EconomyInCrisis
EconomyInCrisis-RoubinisViewOfRecovery247,171,false,,12109822,Roubini&#8217;s View of Recovery,358736,EconomyInCrisis
EconomyInCrisis-TeslaMotors948,174,false,,12096786,Tesla Motors,358736,EconomyInCrisis
EconomyInCrisis-TheAmericanDollar110,171,false,,12030533,The American Dollar,358736,EconomyInCrisis
EconomyInCrisis-TheCostOfFixingTheUS363,180,false,,12444932,The Cost of Fixing the U.S.,358736,EconomyInCrisis
EconomyInCrisis-TheEconomyIsWorseThanItAppears264,164,false,,11440961,The Economy is Worse than it Appears,358736,EconomyInCrisis
EconomyInCrisis-TheFedTransparencyAct911,159,false,,11300040,The Fed Transparency Act,358736,EconomyInCrisis
EconomyInCrisis-TradeDeficitFallsForAllTheWrongReasons193,158,false,,11250331,Trade Deficit Falls for All the Wrong Reasons,358736,EconomyInCrisis
EconomyInCrisis-WarrenBuffettInflationOnTheHorizon879,174,false,,12373234,Warren Buffett: Inflation on the Horizon,358736,EconomyInCrisis
Eddiedotcom-TheCandySong809,61,false,,3692361,The Candy Song,54095,eddiedotcom
Eduardoquezada-CarlosTheInternWinsSingingContest253,265,false,,15770906,Carlos The Intern Wins Singing Contest,11991,eduardoquezada
Eduardoquezada-EduardoQuezadaEscandonEditorial419,98,false,,6328084,Eduardo Quezada Escandon editorial,11991,eduardoquezada
Eduardoquezada-QuerenciaCancionInterpretadaPorLosHnosQuezada599,355,false,,24060529,Querencia Cancion interpretada por los Hnos Quezada,11991,eduardoquezada
Eighthrs-HardLuck790,0,false,,10838379,Hard Luck,127039,eighthrs
Elinertv-CurtMegaAndLightInThePiazza111,172,false,,10457243,"Curt Mega in ""Light in the Piazza""",234619,elinertv
EngenderHealth-www3for1orgFromEngenderHealth990,115,false,,7425465,www.3for1.org from EngenderHealth,280680,EngenderHealth
Etopianewsnow-EdwardBunkerOnTheSocialContractAndSlavery908,77,false,,5310051,Edward Bunker on the social contract and slavery,299413,etopianewsnow
Etopianewsnow-MarcLawrenceTalksAboutLongTimeNoSee175,153,false,,10488564,"Marc Lawrence talks about ""Long Time No See""",299413,etopianewsnow
Etopianewsnow-MarcyWinograds2006CampaignSpot458,27,false,,1459706,Marcy Winograd&apos;s 2006 campaign spot,299413,etopianewsnow
Etopianewsnow-RachelMcAdamsExpressesGratitudeToTechnologyAtAMPASTechA158,55,false,,2893563,Rachel McAdams expresses gratitude to technology at AMPAS Tech Awards,299413,etopianewsnow
Fbchattiesburg-Miracle961,54,false,,3654604,Miracle,69678,fbchattiesburg
Fbchattiesburg-OComeOCome735,49,false,,3535698,"O Come, O Come",69678,fbchattiesburg
Fbchattiesburg-ThisIsOurGod551,0,false,,3814001,This is Our God,69678,fbchattiesburg
Fcumtv-CharlieOLoughlinChatsToFCUMTVAfterNantwichH130409932,118,false,,8169604,Charlie O&apos;Loughlin chat&apos;s to FCUM.TV after Nantwich [H] 13/04/09,193757,fcumtv
Fcumtv-FCUnitedVAshtonUnited250309THEGOALS940,140,false,,9030887,FC United v Ashton United 25/03/09 THE GOALS,193757,fcumtv
Fcumtv-FCUnitedVBradfordParkAvenueNPL250409GOALS284,126,false,,8289879,FC United v Bradford Park Avenue NPL 25/04/09 GOALS,193757,fcumtv
Fcumtv-MOTMSamAshtonChatsToFCUMTVAfterNFerriby04_04_09397,143,false,,9569001,MOTM - Sam Ashton chats to FCUM.TV after N.Ferriby 04_04_09,193757,fcumtv
Fcumtv-NantwichFACInterviewKyleWilson752,147,false,,9626067,FCUM.TV meets Kyle Wilson,193757,fcumtv
FinancialAidPodcas-2008SuperBowlXLIIAdFromTheStudentLoanNetwork346,59,false,,2287145,2008 Super Bowl XLII Ad from the Student Loan Network,20406,Financial Aid Podcas
Francoventoso-2MarcoCalcinaroECarloDeSignoribusBluesOnTheRoad234,140,false,,9034562,2- Marco Calcinaro e Carlo De Signoribus - Blues on the Road,232141,francoventoso
Francoventoso-3CarloDeSignoribusEAltriBluesOnTheRoad581,207,false,,12906722,3- Carlo De Signoribus e altri - Blues on the Road,232141,francoventoso
Francoventoso-francomorone6766,201,false,,9856725,6- Franco Morone - Lanciano Blues festival 2008,232141,francoventoso
Globaldyana-4thOfJulyInMexicoCityAtArroyoRestaurant253,40,false,,2574913,4th of July in Mexico City at Arroyo Restaurant,371598,globaldyana
Golf-GolfTipLoosenUpTheGolfSwingAndStartFeeling469,16,false,,991599,Golf Tip - Loosen up the golf swing and start feeling,134286,golf
Golf-GolfTipStopTheThoughtProcessAndStartFeeling612,16,false,,1045681,Golf Tip - Stop the thought process and start feeling,134286,golf
Golf-PuttingOnFastGreens920,199,false,,13367119,Putting on Fast Greens,134286,golf
Golf-QolfGameHighlight190,64,false,,4553777,Play Qolf a golf game for the family,134286,golf
Golf-YesDonnaPutter794,65,false,,4455202,Yes! Donna Putter,134286,golf
GolfLifeTips-HitLongDrivesWithThisPowerTip197,95,false,,6665449,Hit Long Drives Power Golf Tip,192871,Golf Life Tips
GolfLifeTips-TaylormadeTourBurnerDriverReview339,95,false,,6727626,Taylormade Tour Burner Driver Review,192871,Golf Life Tips
Gracebible-052409PMRememberPeopleOnMemorialDay592,1846,false,,94990155,05-24-09 PM - Remember People on Memorial Day,363296,gracebible
Griotgreg-2009AcuraTLSHAWD834,135,false,,9473021,2009 Acura TL SH-AWD,278591,griotgreg
Griotgreg-2009VWTOUAREGTDI665,145,false,,9863259,2009 VW TOUAREG TDI,278591,griotgreg
Griotgreg-2010LexysHS250h753,160,false,,11148023,2010 Lexus HS250h,278591,griotgreg
Griotgreg-BentleyContientalGT224,180,false,,12556513,Bentley Contiental GT,278591,griotgreg
Griotgreg-HondaInsight305,114,false,,7827332,Honda Insight,278591,griotgreg
Griotgreg-NissanAltimaCoupe487,122,false,,7976932,Nissan Altima Coupe,278591,griotgreg
Griotgreg-TheVeggieCar998,132,false,,9204728,The Veggie car!!!,278591,griotgreg
Grollett-GRoUpdateOnRockForHungerFest3719,98,false,,6127569,G-Ro Update on Rock For Hunger Fest 3,99622,grollett
Guidonia-DisabiliAGuidoniaMontecelio111,78,false,,5057444,Disabili a Guidonia Montecelio,352447,guidonia
Guidonia-LionsPubTivoliLocaleSalsaKaraokePianoBarVillaAdrian290,35,false,,2170766,Lion&apos;s Pub Tivoli : locale salsa | karaoke | piano bar | Villa Adriana,352447,guidonia
Guidonia-LionsPubTivoliLocaleSalsaKaraokePianoBarVillaAdrian479,29,false,,1806105,Lion&apos;s Pub Tivoli : locale salsa | karaoke | piano bar | Villa Adriana,352447,guidonia
Guidonia-LionsPubTivoliLocaleSalsaKaraokePianoBarVillaAdrian886,50,false,,3124749,Lion&apos;s Pub Tivoli : locale salsa | karaoke | piano bar | Villa Adriana,352447,guidonia
Guidonia-palestraguidoniacollefiorito361,29,false,,1704156,Palestra a Collefiorito di Guidonia Montecelio,352447,guidonia
GVTVNEWS-GVTVNews010308NCTV11Part2854,860,false,,28215997,GVTV News 01-03-08 NCTV11 Part 2,63250,gvtvnews
GVTVNEWS-GVTVNews010508NCTV11Part2805,644,false,,19352936,GVTV News 01-05-08 NCTV11 Part 2,63250,gvtvnews
GVTVNEWS-GVTVNews070307540,949,false,,40903798,GVTV News 07-03-07,63250,gvtvnews
GVTVNEWS-GVTVNews073108NCTV11557,34,false,,1685156,GVTV News 07-31-08 NCTV11,63250,gvtvnews
GVTVNEWS-GVTVWeather072007743,55,false,,3692815,GVTV Weather 07-20-07,63250,gvtvnews
Heywood-EKGZZLiveMusicVideoCheapSunGlasses717,229,false,,14060748,EK&G ZZ -: Live Music Video :- Cheap SunGlasses,917,heywood
Hrocus-BradKlippert400,31,false,,2059398,Brad Klippert,237460,hrocus
Hrocus-BruceDammeier493,31,false,,2087550,Bruce Dammeier,237460,hrocus
Hrocus-JanAngel693,31,false,,2085658,Jan Angel,237460,hrocus
Hrocus-JohnAhern223,34,false,,2047336,John Ahern,237460,hrocus
Hrocus-norma2891,31,false,,2204015,Norma Smith,237460,hrocus
InnerBonding-UnderstandingAndOvercomingAddictions970,190,false,,11547635,Understanding and Overcoming Addictions,393580,InnerBonding
Ironmanrecords-LastUnderTheSunNotInMyName2004Breizh383,87,false,,5462851,Last Under The Sun - Not In My Name 2004 Breizh,230711,ironmanrecords
Ironmanrecords-LastUnderTheSunTheDon758,207,false,,12740796,Last Under The Sun - The Don,230711,ironmanrecords
Jake-JeanMichelJarreOxygenePlayedByMeOnTheKeyboard480,149,false,,8884761,Jean Michel Jarre - Oxygene - Played by me on the keyboard,132972,jak-e
Jasonheath-BassByChrisThrelkeldWiegand763,87,false,,5451102,Bass by Chris Threlkeld-Wiegand,93820,jasonheath
Jasonheath-BassForSaleContactToddMatthewsForDetails997,153,false,,9494984,Bass for Sale - contact Todd Matthews for details,93820,jasonheath
Jasonheath-IanHallasPerformsBottesiniMvt1997,423,false,,25986504,Ian Hallas performs Bottesini mvt 1,93820,jasonheath
Jasonheath-MyCrazyStandPartner806,64,false,,3962812,My Crazy Stand Partner,93820,jasonheath
Jasonheath-RealitiesOfFulltimeFreelancing244,229,false,,14651980,Realities of full-time freelancing,93820,jasonheath
JeffBrooks-CarCraftNationals2008CorvetteZ06181,151,false,,10923237,Car Craft Nationals - 2008 Corvette Z06,158059,jeff brooks
JeffBrooks-WelcomeToScreamFresh457,25,false,,1818628,Welcome to Screaming Fresh,158059,jeff brooks
JillForrest-YogaBabyEpisode21724,607,false,,36797267,Yoga Baby Episode 21,94191,JillForrest
JimCropcho-jimUglyBetty704,7,false,,467134,James on Ugly Betty,280859,JamesCropcho
Johnlieberman-FoodgangFrenchRestaurantMiamiBeachSurfsideReviewByJohnL624,144,false,,10533310,Foodgang French restaurant miami beach surfside review by John Lieberman Business coach,171352,johnlieberman
Johnlieberman-SpecchioItalianRestaurantMiamiBeachSurfsideReviewByJohn753,163,false,,11344016,Specchio Italian restaurant miami beach surfside review by John Lieberman Business coach,171352,johnlieberman
KELLYTV-ANGELSANDDEMONSFEATURETTE369,215,false,,14552047,ANGELS AND DEMONS FEATURETTE,28296,KELLYTV
KELLYTV-IFIWASYOURMANBYJOE111,239,false,,14570716,IF I WAS YOUR MAN BY JOE,28296,KELLYTV
KELLYTV-LIFEAFTERDEATHJAMALWOODARDSOULSNATCHER818,191,false,,12721619,LIFE AFTER DEATH JAMAL WOODARD SOUL SNATCHER,28296,KELLYTV
KELLYTV-PRECIOUSMOVIETRAILERBYTYLERPERRYNORRAH403,165,false,,10979025,PRECIOUS MOVIE TRAILER BY TYLER PERRY N OPRAH,28296,KELLYTV
KELLYTV-SOUTHERNENTERTAINMENTAWARDSVOTE4KANERIDIAMOND211,39,false,,3100631,SOUTHERN ENTERTAINMENT AWARDS VOTE 4 KANERI DIAMOND,28296,KELLYTV
Labambola-Teaser20DelVideobookDeCristinaDominguez639,59,false,,3670946,Cristina Domi­nguez. Actriz,260044,labambola
Lauraflanders-BillFletcherIranCommentaryOnGRITtv642,153,false,,8855888,Bill Fletcher: Iran Commentary on GRITtv,199335,lauraflanders
Lauraflanders-CommentaryAlexCarlin716,105,false,,7410351,Commentary: Alex Carlin,199335,lauraflanders
Lauraflanders-DavidSirotaAFunnyThingHappenedOnTheWayToDenver739,172,false,,11015979,David Sirota: A Funny Thing Happened On The Way To Denver,199335,lauraflanders
Lauraflanders-DavidSirotaCountryFirst158,154,false,,9692435,"David Sirota: ""Country First""",199335,lauraflanders
Lauraflanders-DavidSirotaMakingGoliathWalk993,176,false,,11324304,David Sirota: Making Goliath Walk,199335,lauraflanders
Lauraflanders-FWordJuly72008594,104,false,,6496137,"FWord - July 7, 2008",199335,lauraflanders
Lauraflanders-GRITtvCommentaryBillFletcherOnBaseball408,201,false,,12171962,GRITtv Commentary: Bill Fletcher on Baseball,199335,lauraflanders
Lauraflanders-GRITtvCommentaryBrianJones977,137,false,,8814166,GRITtv Commentary: Brian Jones,199335,lauraflanders
Lauraflanders-GRITtvCommentaryDavidSirotaOnJuly142008673,135,false,,8240450,"GRITtv Commentary: David Sirota on July 14, 2008",199335,lauraflanders
Lauraflanders-GRITtvCommentaryDavidSirotaOnObamaAndCentrism866,175,false,,11279080,"GRITtv Commentary: David Sirota On The ""Centrists"" Running the Asylum",199335,lauraflanders
Lauraflanders-GRITtvCommentaryDedrickMuhammad775,128,false,,8005119,GRITtv Commentary: Dedrick Muhammad,199335,lauraflanders
Lauraflanders-GRITtvCommentaryDoIHearABidForPatientDebt945,92,false,,5939633,GRITtv Commentary: Do I Hear a Bid For Patient Debt?,199335,lauraflanders
Lauraflanders-GRITtvCommentaryHeidiBoghosian632,135,false,,8664297,GRITtv Commentary: Heidi Boghosian,199335,lauraflanders
Lauraflanders-GRITtvCommentaryJune232008546,115,false,,6874191,"GRITtv Commentary: June 23, 2008",199335,lauraflanders
Lauraflanders-GRITtvCommentaryLauraFlandersOnDelMartinsPassing980,83,false,,5532648,GRITtv Commentary: Laura Flanders on Del Martin&apos;s passing,199335,lauraflanders
Lauraflanders-GRITtvCommentaryMarthaBurk867,100,false,,6304961,GRITtv Commentary: Martha Burk,199335,lauraflanders
Lauraflanders-GRITtvCommentaryMoniqueHarden9308247,97,false,,6267996,GRITtv Commentary: Monique Harden 9/3/08,199335,lauraflanders
Lauraflanders-GRITtvCommentarySomeThingsThatNeverChange896,98,false,,7014714,GRITtv Commentary: Some Things That Never Change,199335,lauraflanders
Lauraflanders-GRITtvCommentaryTheFoodCrisis776,113,false,,7328102,GRITtv Commentary: The Food Crisis,199335,lauraflanders
Lauraflanders-GRITtvDavidBenderOnTheHillaryRFKFlap225,103,false,,7335204,GRITtv: David Bender On The Hillary-RFK Flap,199335,lauraflanders
Lauraflanders-GRITtvFeaturesRemixDISAPPOINTMENTStranahan875,71,false,,4381506,GRITtv features: Remix DIS-APPOINTMENT Stranahan,199335,lauraflanders
Lauraflanders-GRITtvFWordJuly92008321,116,false,,6967555,"GRITtv: F Word; July 9, 2008",199335,lauraflanders
Lauraflanders-GRITtvPhyllisBennisCommentary874,248,false,,15090936,GRITtv: Phyllis Bennis commentary,199335,lauraflanders
Lauraflanders-LiveFromMainstreet902,33,false,,2078825,Live From Mainstreet,199335,lauraflanders
Lauraflanders-TheFWordAugust112008131,124,false,,8040517,"The F Word: August 11, 2008",199335,lauraflanders
Lauraflanders-TheFWordAugust122008443,161,false,,10504878,"The F Word: August 12, 2008",199335,lauraflanders
Lauraflanders-TheFWordAugust132008181,103,false,,6626419,"The F Word: August 13, 2008",199335,lauraflanders
Lauraflanders-TheFWordAugust142008569,110,false,,7336145,"The F Word: August 14, 2008",199335,lauraflanders
Lauraflanders-TheFWordAugust182008896,153,false,,10237883,"The F Word: August 18, 2008",199335,lauraflanders
Lauraflanders-TheFWordAugust192008478,132,false,,8498943,"The F Word: August 19, 2008",199335,lauraflanders
Lauraflanders-TheFWordAugust272008LiveFromDNC258,130,false,,8606733,"The F Word: August 27, 2008 (Live from DNC)",199335,lauraflanders
Lauraflanders-TheFWordAugust282008LiveFromDNC679,99,false,,6430338,"The F Word: August 28, 2008 (Live from DNC)",199335,lauraflanders
Lauraflanders-TheFWordAugust52008441,127,false,,8286048,"The F Word: August 5, 2008",199335,lauraflanders
Lauraflanders-TheFWordAugust72008ISOLATED484,83,false,,5450915,"The F Word: August 7, 2008 ISOLATED",199335,lauraflanders
Lauraflanders-TheFWordJuly142008282,104,false,,6786267,"The F Word: July 14, 2008",199335,lauraflanders
Lauraflanders-TheFWordJuly162008867,144,false,,9419331,"The F Word: July 16, 2008",199335,lauraflanders
Lauraflanders-TheFWordJuly172008163,86,false,,5447102,"The F Word: July 17, 2008",199335,lauraflanders
Lauraflanders-TheFWordJuly22008710,104,false,,7447099,The F Word: July 2 2008,199335,lauraflanders
Lauraflanders-TheFWordJuly232008742,138,false,,9149262,"The F Word: July 23, 2008",199335,lauraflanders
Lauraflanders-TheFWordJuly242008216,134,false,,8755643,"The F Word: Monsters R Us July 24, 2008",199335,lauraflanders
Lauraflanders-TheFWordJuly32008736,92,false,,4197979,"The F Word: July 3, 2008",199335,lauraflanders
Lauraflanders-TheFWordJuly92008224,116,false,,6967555,The F Word: July 9 2008,199335,lauraflanders
Lauraflanders-TheFWordMourningStephanieTubbsJonesAugust212008222,138,false,,8288784,"The F Word: Mourning Stephanie Tubbs-Jones, August 21, 2008",199335,lauraflanders
Lauraflanders-TheFWordSeptember22008627,137,false,,8664084,"The F Word: September 2, 2008",199335,lauraflanders
Lauraflanders-TheFWordSeptember32008677,139,false,,8380015,"The F Word: September 3, 2008",199335,lauraflanders
Lauraflanders-TheFWordSeptember82008269,112,false,,7056614,"The F Word: September 8, 2008",199335,lauraflanders
Lauraflanders-TheFWordSeptember92008677,160,false,,9778979,"The F Word: September 9, 2008.",199335,lauraflanders
Lauraflanders-TheFWordTheEconomyOfGenerosity808,94,false,,5570578,The F Word: The Economy of Generosity,199335,lauraflanders
Lauraflanders-TheFWordWhyIsntRoveInJail919,82,false,,5342114,The F Word: Why Isn&apos;t Rove in Jail?,199335,lauraflanders
Lauraflanders-TheFWordWhyObamaNeedsANewDealAugust42008168,126,false,,8058306,"The F Word: Why Obama Needs a New Deal, August 4, 2008",199335,lauraflanders
Legourmettv-1860BeerBrewingPart3901,189,false,,13824528,1860? Beer Brewing Part 3,89937,legourmettv
Legourmettv-BraisedVealInStout230,267,false,,18548187,Braised Veal in Stout,89937,legourmettv
Legourmettv-CajunSpiceRubRecipe979,116,false,,7773292,Cajun Spice Rub Recipe,89937,legourmettv
Legourmettv-CleaningMussels450,131,false,,9074083,Cleaning Mussels,89937,legourmettv
Legourmettv-CuminSaladDressingRecipe423,62,false,,4129603,Cumin salad dressing recipe,89937,legourmettv
Legourmettv-HotAndSpicyGrillRub861,113,false,,7883697,Hot and Spicy Grill Rub,89937,legourmettv
Legourmettv-HowToMakeAGrahamCrackerCrust902,173,false,,12325171,How to make a graham cracker crust,89937,legourmettv
Legourmettv-HowToMakeEggMeringue127,204,false,,14551770,How to make egg meringue,89937,legourmettv
Legourmettv-MontrealSteakSpiceRecipe377,87,false,,5853339,Montreal Steak Spice Recipe,89937,legourmettv
Legourmettv-PEIFoodFestivals124,172,false,,11817093,P.E.I. Food Festivals,89937,legourmettv
Legourmettv-RibNChickenSpiceRubRecipe479,128,false,,8722461,Rib ?n Chicken Spice Rub Recipe,89937,legourmettv
Lhgreene-RogueOperasLaBohemePromoVideo466,36,false,,2167755,Rogue Opera La Boheme promo video,244902,lhgreene
Libationblog-CucumberCupCocktailRecipe810,168,false,,6694182,Cucumber Cup Cocktail Recipe,303014,libationblog
Libationblog-JDSmoothieDrink389,150,false,,10896598,JD Smoothie Drink,303014,libationblog
Livingasiachannel-DTCCIDSFCOMPETITION190,83,false,,3387349,Dealie Gerodias & Partner - 2,288178,livingasiachannel
Livingasiachannel-DTCCIDSFCOMPETITION980,81,false,,3270888,DTCC IDSF COMPETITION,288178,livingasiachannel
Lorenzosmusic-DrinkinByMyselfLorenzosMusic722,95,false,,5964730,Drinkin&apos; By Myself - Lorenzo&apos;s Music,106558,lorenzosmusic
Luukdiphoorn-InternationalWaterHouseWithoutWater460,270,false,,17123899,International Water House without Water,370983,luukdiphoorn
Maqex-AmorDeMadreLuisEnriqueMejaGodoy431,156,false,,10597382,Amor de Madre - Luis Enrique Mejía Godoy,201852,maqex
Marcdavid-BurnTheFatInnerCircleVideoTour518,573,false,,37370611,Burn the Fat Inner Circle Video Tour,159001,marcdavid
Marquisdejolie-IWasOnSteroids803,171,false,,11833576,I Was On Steroids,5290,marquisdejolie
Marquisdejolie-PennyArcadeOfMyEarlyStuff522,128,false,,7773872,Penny Arcade of My Early Stuff,5290,marquisdejolie
Marquisdejolie-VALiars489,128,false,,9672636,V.A. Liars,5290,marquisdejolie
Marquisdejolie-VisitingTheShelterPart3147,96,false,,7279051,"Visiting The Shelter, Part 3",5290,marquisdejolie
Mcusa-ArmorOfGod942,172,false,,11133473,Armor of God,342737,mcusa
Mdtmusic-InTheNameOfTheFamilySuite496,462,false,,19630302,In The Name Of The Family - Suite,283910,mdtmusic
Mdtmusic-Salvation491,92,false,,6473724,Salvation,283910,mdtmusic
Mdtmusic-SpaceAce273,171,false,,12600686,"""Space Ace""",283910,mdtmusic
Mediagrouptv-CircuitoOff2008Day01OpeningParty179,136,false,,8869032,Opening party @ Circuito Off 2008 Day 01,119631,mediagrouptv
Mediagrouptv-SecondSexeTintoBrassKickTheCockCircuitoOff2008Day04684,161,false,,10720568,"SecondSexe & Tinto Brass ""Kick The Cock"" @ Circuito Off 2008 Day 04",119631,mediagrouptv
MeetCleaverTheatre-MCTBlackSheep339,274,false,,16812209,MCT - Black Sheep,175213,MeetCleaverTheatre
MeetCleaverTheatre-MCTTribulation99ZELDA494,210,false,,14890163,MCT - Tribulation 99 & ZELDA!!!!,175213,MeetCleaverTheatre
Menomenation-NoahGundersenJesusJesusLiveTheRedRoom3152009756,224,false,,10332380,"Noah Gundersen ""Jesus Jesus"" Live @ The Red Room 3.15.2009",322857,Menomenation
Microdac-Birds199,73,false,,5646980,Birds,64446,Microdac
Mode2-LeeveyILikeLove494,310,false,,20226056,Leevey - I Like Love,190870,mode2
Mtaatv-AYFeatAvrilLeoRemix882,278,false,,17752340,AY feat Avril - Leo ( Remix ),68290,mtaatv
Mtaatv-CannibalIWish186,217,false,,22989884,Cannibal - I Wish,68290,mtaatv
Mtaatv-WyreSheSayDat487,195,false,,16469829,Wyre - She Say Dat,68290,mtaatv
Muzik4machines-MuddyMilfshakeMuzik4MachinesNewRoomIMovie743,265,false,,8589527,Muddy Milfshake/Muzik 4 Machines - New Room iMovie,97487,muzik4machines
Nerdgasmic-BattlestarGalacticaRevelations479,158,false,,9594069,Battlestar Galactica - Revelations,213982,nerdgasmic
Newsdate2011-Episode1ADevilOnMyDesk541,311,false,,19087251,Episode 1 - A Devil on my Desk,103543,newsdate2011
NickDutch-AGhostStory421,143,false,,9160050,A Ghost Story,377857,NickDutch
NickDutch-FreeTarotReadings127,475,false,,18174019,Free tarot Readings,377857,NickDutch
NickDutch-FreeTarotReadings262,528,false,,29607260,Free tarot Readings,377857,NickDutch
NickDutch-FreeTarotReadings291,76,false,,5057002,Free tarot Readings,377857,NickDutch
NickDutch-FreeTarotReadings465,526,false,,32823290,Free tarot Readings,377857,NickDutch
NickDutch-FreeTarotReadings781,412,false,,25911811,Free tarot Readings,377857,NickDutch
NickDutch-TheTarotShowWithNickDutch435,157,false,,9690610,The tarot Show with Nick Dutch,377857,NickDutch
NickDutch-TheTarotShowWithNickDutch513,392,false,,25131211,The tarot Show with Nick Dutch,377857,NickDutch
NickDutch-TheTarotShowWithNickDutch568,388,false,,24698412,The tarot Show with Nick Dutch,377857,NickDutch
Nitaai-00001EveryActionHasReaction589,3933,false,,71028749,A0077 01 Every Action Has Reaction,106434,nitaai
Nitaai-00001SoundVibration952,4005,false,,160068052,A0148 01 Sound Vibration,106434,nitaai
Nitaai-00003JanuKunda829,195,false,,6811506,A0056 03 Janu Kunda,106434,nitaai
Nitaai-00009LordNrisingha825,294,false,,12265919,A0174 09 Lord Nrisingha,106434,nitaai
Nitaai-0004GundichaMarjanaPastime1525,2117,false,,18234945,A0176 04 Gundicha Marjana Pastime 1,106434,nitaai
Nitaai-02AllPotenciesinHolyName292,190,false,,6387811,A0002 02 All Potencies in Holy Name Shikshashtaka,106434,nitaai
Nitaai-07Rathayatra981,0,false,,34865152,A0197 07 Rathayatra,106434,nitaai
Oneteaaweek-OneTeaAWeekIntroductionVideoPodcast418,134,false,,9578197,One Tea A Week Introduction Video Podcast,306578,oneteaaweek
Opiatefilms-BasketcaseActionscifiWebseriesPilot459,170,false,,10165362,Basketcase: action/scifi webseries pilot,181405,opiatefilms
Opiatefilms-SimonEmilyFHTAPromoHQ175,144,false,,8737401,Simon & Emily FHTA promo - HQ,181405,opiatefilms
Palau-PortlandCityFestPromo682,53,false,,4421762,Portland CityFest Promo,82132,palau
Palau2-PortlandCityCouncilMeetingNickFishCommentsOnSeasonOfSe206,223,false,,9732481,"Portland City Council Meeting, Nick Fish comments on Season of Service",150154,palau2
Palau2-SeasonOfServiceOverviewForCatalyst393,125,false,,22536402,Season of Service Overview for Catalyst,150154,palau2
Patrizio_m-50CentFeatJustinTimberlakeAyoTechnologyPatrizioMarchesa792,256,false,,10859045,50 Cent feat. Justin Timberlake - Ayo Technology (Patrizio Marchesani Night Vision),201753,patrizio_m
PDXK-CyclocrossCrusadeAlpenroseRacePromo841,88,false,,5585193,Cyclocross Crusade Alpenrose Race Promo,16989,PDXK
PDXK-DrillBabyDrillAtTheRNC569,114,false,,6989483,Drill Baby Drill at the RNC,16989,PDXK
Petepo-DriveLessSaveMoreInfomercial904,26,false,,1712473,Drive Less Save More Infomercial,79574,petepo
Plus1tv-BarcraftTrailer801,61,false,,3984921,Barcraft Trailer,204240,plus1tv
Poetminor158-BllyLittleInterview663,212,false,,13398940,B!lly Little Interview,5035,poetminor158
Poetminor158-ElderJosephLTolton322,505,false,,32126693,Elder Joseph L Tolton,5035,poetminor158
Poetminor158-ReverendJamaulRoots260,369,false,,23377416,Reverend Jamaul Roots,5035,poetminor158
Poetminor158-ThePoetOfTheMillenium230,213,false,,13459758,The Poet Of The Millenium,5035,poetminor158
Politicallunch-PoliticalLunch011508597,234,false,,15238294,Political Lunch 01-15-08,58558,politicallunch
Politicallunch-PoliticalLunch022108ThursdaySnack106,217,false,,13899435,Political Lunch 02-21-08: Thursday Snack,58558,politicallunch
Politicallunch-PoliticalLunch022908795,296,false,,19286279,Political Lunch 02-29-08,58558,politicallunch
Politicallunch-PoliticalLunch031108TuesdaySnack693,0,false,,17730633,Political Lunch 03-11-08: Tuesday Snack,58558,politicallunch
Politicallunch-PoliticalLunch031808TuesdaySnack327,268,false,,17682377,Political Lunch 03-18-08: Tuesday Snack,58558,politicallunch
Politicallunch-PoliticalLunch032508TuesdaySnack271,222,false,,14971928,Political Lunch 03-25-08: Tuesday Snack,58558,politicallunch
Politicallunch-PoliticalLunch040908974,265,false,,19117661,Political Lunch 04-09-08,58558,politicallunch
Politicallunch-PoliticalLunch041008GayRightsThursdaySnack297,214,false,,14324806,Political Lunch 04-10-08: Gay Rights Thursday Snack,58558,politicallunch
Politicallunch-PoliticalLunch041508TaxDaySpecial648,225,false,,17297357,Political Lunch 04-15-08: Tax Day Special,58558,politicallunch
Politicallunch-PoliticalLunch042108930,303,false,,19751373,Political Lunch 04-21-08,58558,politicallunch
Politicallunch-PoliticalLunch042408ThursdaySnack939,179,false,,11698686,Political Lunch 04-24-08: Thursday Snack,58558,politicallunch
Politicallunch-PoliticalLunch042508736,221,false,,14155653,Political Lunch 04-25-08,58558,politicallunch
Politicallunch-PoliticalLunch042908TuesdaySnack650,258,false,,16834200,Political Lunch 04-29-08: Tuesday Snack,58558,politicallunch
Politicallunch-PoliticalLunch050608PrimaryTuesdaySnack577,267,false,,7354111,Political Lunch 05-06-08: Primary Tuesday Snack,58558,politicallunch
Politicallunch-PoliticalLunch050808MichiganSnack528,0,false,,16196908,Political Lunch 05-08-08: Michigan Snack,58558,politicallunch
Politicallunch-PoliticalLunch051308111,199,false,,14886285,Political Lunch 05-13-08,58558,politicallunch
Politicallunch-PoliticalLunch052708875,226,false,,15040305,Political Lunch 05-27-08,58558,politicallunch
Politicallunch-PoliticalLunch081208TuesdaySnack407,285,false,,17781646,Political Lunch 08-12-08: Tuesday Snack,58558,politicallunch
Politicallunch-PoliticalLunch090608BrunchSpecial10Lessons852,165,false,,10911738,Political Lunch 09-06-08: Brunch Special (10 Lessons),58558,politicallunch
Politicallunch-PoliticalLunch090908TuesdaySnack967,276,false,,18768440,Political Lunch 09-09-08: Tuesday Snack,58558,politicallunch
Politicallunch-PoliticalLunch092308150StrategySnack991,311,false,,19271758,Political Lunch 09-23-08: 150 Strategy Snack,58558,politicallunch
Politicallunch-PoliticalLunch093008BailoutBillBlameGameSnack740,268,false,,17075034,Political Lunch 09-30-08: Bailout Bill Blame Game Snack,58558,politicallunch
Politicallunch-PoliticalLunch100208VPDebateSnack646,221,false,,14059711,Political Lunch 10-02-08: VP Debate Snack,58558,politicallunch
Politicallunch-PoliticalLunch100708TuesdaySnack145,241,false,,15905633,Political Lunch 10-07-08: Tuesday Snack,58558,politicallunch
Politicallunch-PoliticalLunch101408ProtectingYourVote472,245,false,,16362517,Political Lunch 10-14-08: Protecting Your Vote,58558,politicallunch
Politicallunch-PoliticalLunch102108TuesdaySnack635,252,false,,15744893,Political Lunch 10-21-08: Tuesday Snack,58558,politicallunch
Politicallunch-PoliticalLunch112007TuesdaySnack438,207,false,,12919764,Political Lunch 11-20-07: Tuesday Snack,58558,politicallunch
PrivateLessons-PrivateLessonscomSoundbitesNewYorkSingerJacquelynFamilant367,223,false,,13863222,PrivateLessons.com Soundbites: New York Singer Jacquelyn Familant,83988,PrivateLessons
PrivateLessons-PRIVATELESSONSSoundbitesReneeSaxonPhoenixVoice206,199,false,,14118685,"PRIVATE LESSONS Soundbites | Renee Saxon, Phoenix Voice",83988,PrivateLessons
Publicdomain-advertisment_aurora_drag_race_set681,60,false,,3559171,Aurora drag race set,97294,publicdomain
Publicdomain-advertisment_baggies_plastic_bags573,61,false,,4309460,Baggies Plastic Bags,97294,publicdomain
Publicdomain-advertisment_crest_toothpaste800,41,false,,2879909,Crest Toothpaste Commercial 1,97294,publicdomain
Publicdomain-advertisment_crest_toothpaste_1310,61,false,,3710657,Crest Toothpaste Commercial 1,97294,publicdomain
Publicdomain-advertisment_folgers_coffee_10207,61,false,,3678019,Folgers Coffee Commercial 10,97294,publicdomain
Publicdomain-advertisment_folgers_coffee_5754,62,false,,3741188,Folgers Coffee Commercial 5,97294,publicdomain
Publicdomain-advertisment_folgers_coffee_8927,62,false,,4353047,Folgers Coffee Commercial 8,97294,publicdomain
Publicdomain-advertisment_ge_bender408,73,false,,4247424,GE Blender,97294,publicdomain
Publicdomain-advertisment_ivory_soap497,61,false,,4310540,Ivory Soap,97294,publicdomain
Publicdomain-advertisment_jet_national563,61,false,,4295808,Jet National,97294,publicdomain
Publicdomain-advertisment_mennen_baby_magic442,61,false,,4220194,Mennen Baby Magic,97294,publicdomain
Publicdomain-advertisment_new_port_cigarettes_5531,61,false,,4329219,Newport Cigarettes Commercial 5,97294,publicdomain
Publicdomain-advertisment_newport_cigarettes_1259,61,false,,4308381,Newport Cigarettes Commercial 1,97294,publicdomain
Publicdomain-advertisment_newport_cigarettes_3657,61,false,,3666973,Newport Cigarettes Commercial 3,97294,publicdomain
Publicdomain-advertisment_norelco_shaver677,61,false,,3613250,Norelco Shaver Commercial,97294,publicdomain
Publicdomain-advertisment_oldsmobile_2707,111,false,,6677234,Oldsmobile Commercial 2,97294,publicdomain
Publicdomain-advertisment_sunbeam_bread_1400,62,false,,3790315,Sunbeam Bread Commercial 1,97294,publicdomain
Publicdomain-advertisment_sunbeam_bread_4359,56,false,,3447676,Sunbeam Bread Commercial 4,97294,publicdomain
Publicdomain-advertisment_sunbeam_bread_6984,26,false,,1835471,Sunbeam Bread Commercial 6,97294,publicdomain
Publicdomain-advertisment_sunbeam_bread_8815,62,false,,3763756,Sunbeam Bread Commercial 8,97294,publicdomain
Publicdomain-advertisment_sunbeam_bread_9274,64,false,,3855876,Sunbeam Bread Commercial 9,97294,publicdomain
Publicdomain-advertisment_tide619,61,false,,3712707,Tide Commercial,97294,publicdomain
Publicdomain-advertisment_us_steel_1373,61,false,,4311054,US Steel Commercial 1,97294,publicdomain
Publicdomain-advertisment_vicks_ny_quil298,31,false,,2118317,Vicks Ny Quil Commercial,97294,publicdomain
Publicdomain-advertisment_vitalis876,60,false,,3823322,Vitalis,97294,publicdomain
Publicdomain-humorous_funny_faces_1906278,184,false,,10924820,Humorous Phases of Funny Faces (1906),97294,publicdomain
QueerAsFaith-MyLifeIsInYou910,193,false,,13059442,My Life is in You,243469,QueerAsFaith
Repgeorgemiller-CongressPassesLandmarkEnergyBill633,113,false,,6151215,Congress Passes Landmark Energy Bill,66378,repgeorgemiller
ReViewMe-FunStuffMyDogLibby508,16,false,,746194,"Fun Stuff ""My Dog Libby""",370320,ReViewMe
ReViewMe-LongAnimeSeriesRant505,503,false,,23091404,Long Anime Series Rant,370320,ReViewMe
ReViewMe-ReViewMeEpisode11TwoForOneTwilightBookAndMovieReview756,603,false,,10959900,ReViewMe Episode 11 Two-For-One Twilight Book and Movie Review,370320,ReViewMe
ReViewMe-ReViewMeEpisode14SkilletAwakeAlbumDeluxeEdition473,273,false,,12636736,"ReViewMe Episode 14 Skillet ""Awake"" Album (Deluxe Edition)",370320,ReViewMe
ReViewMe-TsubasaReservoirChronicleVolumes16Unboxing339,89,false,,5403714,Tsubasa Reservoir Chronicle Volumes 1-6 Unboxing,370320,ReViewMe
Rhayes-Refresh08TuesdayMorning600,1473,false,,79017370,Refresh 08 - Tuesday Morning,293211,rhayes
Rhayes-TheFoundationForEvangelismWhatWeFund393,231,false,,14891785,The Foundation for Evangelism - What we fund,293211,rhayes
Rmc-BusLaneWithParkingSpaces977,38,false,,2661788,Bus lane with parking spaces,234237,rmc
Robmumble-QManPromo445,80,false,,4779492,QMan promo,189083,robmumble
Runadun-2008AnEggOdyssey534,103,false,,6670106,2008: An Egg Odyssey (Trailer),236723,runadun
RVO174-Episode17Persimmons850,138,false,,8972872,Episode 17 - Persimmons,93913,RVO174
Sabbah-ZionismVsJudaism498,404,false,,22382300,Zionism vs Judaism,15523,sabbah
SceneStealers-IronManMovieReviewBySceneStealerscom872,227,false,,13859325,Iron Man Movie Review By Scene-Stealers.com,26241,Scene-Stealers
SceneStealers-SceneStealerscomRedesignTeaser1666,32,false,,1550864,Scene-Stealers.com Redesign Teaser #1,26241,Scene-Stealers
SceneStealers-SceneStealerscomRedesignTeaser2723,34,false,,1860096,Scene-Stealers.com Redesign Teaser #2,26241,Scene-Stealers
Scottyiseri-SGAOJS02E24306,103,false,,6529458,SGAOJ S02E24,71486,scottyiseri
SEEPROGRESS-AfterTheEconomicMeltdown947,4945,false,,10027401,After the Economic Meltdown,41099,SEEPROGRESS
SEEPROGRESS-ANewEconomicEngineEnergyInThe21stCentury798,286,false,,17324440,A New Economic Engine: - Energy in the 21st Century,41099,SEEPROGRESS
SEEPROGRESS-ApollosFireIgnitingAmericasCleanEnergyEconomy987,163,false,,10969741,Apollo&apos;s Fire - Igniting America&apos;s Clean Energy Economy,41099,SEEPROGRESS
SEEPROGRESS-BalacingTheBudgetIraqCostsShouldntStopInvestingInAmeric453,109,false,,6588758,Balancing the Budget: Iraq Costs Shouldnt Stop Investing in America,41099,SEEPROGRESS
SEEPROGRESS-CleanMyRideFlexMyFuelStarringBenAffleckMattDamonCen180,74,false,,4379978,"Clean My Ride, Flex My Fuel - Starring Ben Affleck, Matt Damon - Center for American Progress Action",41099,SEEPROGRESS
SEEPROGRESS-ClimateChangeTheStateOfTheUnionASKTHEEXPERTDanWeis539,81,false,,4021858,Climate Change & The State of the Union - ASK THE EXPERT - Dan Weiss,41099,SEEPROGRESS
SEEPROGRESS-TheHealthCareCrisis47MillionCantAffordToGetSick131,161,false,,6458278,The Health Care Crisis: 47 Million Can&apos;t Afford to Get Sick,41099,SEEPROGRESS
SEEPROGRESS-TheTyrranyOfDeadIdeasMattMillerHIGHLIGHTS844,340,false,,21376658,The Tyranny of Dead Ideas - Matt Miller HIGHLIGHTS,41099,SEEPROGRESS
SEEPROGRESS-TheYahooMicosoftMergerHowPrivateIsYourPrivacyOnline274,151,false,,8476104,The Yahoo! - Microsoft Merger: How Private is Your Privacy Online?,41099,SEEPROGRESS
SEEPROGRESS-ThisWeekInCongressJuly232007CenterForAmericanProgress303,115,false,,6991029,"This Week in Congress -July 23, 2007- Center for American Progress",41099,SEEPROGRESS
SEEPROGRESS-USIraqPolicyNeedsAStrategicResetDrLawerenceKorbOnRec361,141,false,,8494917,US Iraq Policy Needs a Strategic Reset - Dr Lawerence Korb On Reclaiming US Security in the Middle E,41099,SEEPROGRESS
SeraphimWines-SamScarparisWINEPORNOTV17469,78,false,,6348089,Sam Scarpari&apos;s WINE PORNO TV #17,438592,Seraphim Wines
Sgallasch-2008ArnoldStrongmanClassicDVDPreview792,70,false,,7549392,2008 Arnold Strongman Classic DVD Preview,37450,sgallasch
Sgallasch-2008NABBAUNIVERSEDVDPREVIEW975,64,false,,3984058,2008 NABBA UNIVERSE DVD PREVIEW,37450,sgallasch
Sgallasch-Melvin_BlackandWhite352,134,false,,7533018,Marvellous Melvin Anthony Pumps Up Back Stage at the Mr Olympia,37450,sgallasch
Sgallasch-SUSANBORGFIGURECHAMPIONMAGNIFICENTMALTESEMUSCLE122,52,false,,3314453,SUSAN BORG - FIGURE CHAMPION - MAGNIFICENT MALTESE MUSCLE,37450,sgallasch
Sgallasch-wwwgmvcomau_2006_NABBA_Universe894,103,false,,6299377,2006 NABBA UNIVERSE - MEN THE SHOW,37450,sgallasch
Sgallasch-wwwgmvcomau_ahmadhaidar918,92,false,,5406545,Ahmad Haidar - Florida&apos;s Prince of Muscle,37450,sgallasch
Sgallasch-wwwgmvcomau_al_beckles640,75,false,,3800337,Al Beckles Posing On Stage,37450,sgallasch
Sgallasch-wwwgmvcomau_charles_mario868,98,false,,5512726,NABBA Champion Charles Mario Posing On Stage,37450,sgallasch
Sgallasch-wwwgmvcomau_gmv019dvd198,103,false,,5930779,Bodybuilding - Classic Collection # 1,37450,sgallasch
Sgallasch-wwwgmvcomau_GMV318DVD211,98,false,,6512920,Women&apos;s Muscle Power #9 - Heavy Duty Muscle DVD Preview,37450,sgallasch
Sgallasch-wwwgmvcomau_GMV324DVD144,124,false,,6610700,Men&apos;s Fitness Championships at FIBO &apos;99,37450,sgallasch
Sgallasch-wwwgmvcomau_GMV344360,101,false,,5743594,1999 NABBA Universe: The Women&apos;s Prejudging & Show,37450,sgallasch
Sgallasch-wwwgmvcomau_GMV380DVD926,159,false,,8931821,Women&apos;s Muscle Power #10 Winning Figures,37450,sgallasch
Sgallasch-wwwgmvcomau_GMV403DVD541,192,false,,11007904,"Steve Creighton: The ""Hell Hole"" Workout",37450,sgallasch
Sgallasch-wwwgmvcomau_gmv430784,109,false,,6609816,2001 WFF Universe: Women&apos;s Tape # 1 - Aerobic & Fitness Classes,37450,sgallasch
Sgallasch-wwwgmvcomau_GMV648DVDpriest842,181,false,,10706765,2006 PDI NIGHT OF CHAMPIONS 2 DISC SET - LEE PRIEST,37450,sgallasch
Sgallasch-wwwgmvcomau_GMV659DVD772,98,false,,5888097,Pearls of Wisdom - Bill Pearl,37450,sgallasch
Sgallasch-wwwgmvcomau_Lenda_Murray502,98,false,,5752445,Lenda Murray - Ms Olympia,37450,sgallasch
Sgallasch-wwwgmvcomau_MelvinAnthony_Contest_Ready229,92,false,,5351561,Melvin Anthony - Contest Ready,37450,sgallasch
Sgallasch-wwwgmvcomau_mikeohearn_craigtitus919,126,false,,6962484,Mike O&apos;Hearn Natural Mr. Universe Intensive Workout # 2 with Craig Titus: Working Arms,37450,sgallasch
Sgallasch-wwwgmvcomau_rich_gaspari446,86,false,,5361553,The Rich Gaspari - Seminar and Posing,37450,sgallasch
Sgallasch-wwwgmvcomau_V008DVD456,222,false,,12766244,The IFBB Legend Vince Taylor posing on stage,37450,sgallasch
Sgallasch-wwwgmvcomau_V195DVDDennis832,167,false,,9278852,Dennis Wolf Posing on Stage,37450,sgallasch
Sgallasch-wwwgmvcomau_V203DVD106,95,false,,5670025,2007 Iron Man Pro DVD,37450,sgallasch
SnitcherTV-SnitcherHardcoreBluesII362,281,false,,13706401,Snitcher: Hardcore Blues II,194767,SnitcherTV
SnitcherTV-SnitcherHardcoreBluesIII417,348,false,,20388814,Snitcher: Hardcore Blues III,194767,SnitcherTV
SnitcherTV-SnitcherHardcoreBluesIV328,346,false,,19734763,Snitcher: Hardcore Blues IV,194767,SnitcherTV
Solique-CinemaSceneDiscussionsMilosForman782,177,false,,6899331,Cinema Scene Discussions: Milos Forman,60454,solique
Solique-TheRapeOfEuropaReview951,246,false,,13808840,The Rape of Europa Review,60454,solique
Spcbrass-AdiosArrivederciAuRevoirAufWiedersehenAndGoodbye626,41,false,,2653590,"Adios, Arrivederci, Au Revoir, Auf Wiedersehen, and Goodbye!",49294,spcbrass
Spcbrass-RainDrops770,31,false,,1945293,Rain Drops,49294,spcbrass
SPI-ThursdayJuly242008BreakingNewsEdition202,100,false,,6495361,"Thursday July 24, 2008 -- breaking news edition",196720,SPI
Spindaily-IndependentSpiritAwardsRedCarpetStyle623,59,false,,4441066,Independent Spirit Awards: Red Carpet Style,96983,spindaily
Spindaily-LAFashionWeekVerusNewYorkFashionWeek327,112,false,,7001218,LA Fashion Week vs. New York Fashion Week,96983,spindaily
Srnyclips-SportsRadioNYAnimationPromo963,49,false,,2649097,Sports Radio NY Animation Promo,446587,srnyclips
Stevegarfield-MyMomsCookies297,96,false,,6840974,My Mom&apos;s Cookies,335,stevegarfield
Studiomuscle-DanielJohnstonTheLastSong904,129,false,,10414354,Daniel johnston - the last song,264,studiomuscle
Stupidfamouspeople-AdimariLopezLuisFonsiArriveToMarcAnthonys40thBirthday894,50,false,,3013509,Adimari Lopez & Luis Fonsi arrive to Marc Anthony&apos;s 40th Birthday Party in New York City,253171,stupidfamouspeople
Stupidfamouspeople-AngelinaJolieSignsAutographsOutsideTheChangelingMoviePre561,25,false,,1593330,Angelina Jolie signs autographs outside The Changeling movie premiere in New York City,253171,stupidfamouspeople
Stupidfamouspeople-BobWeirPhilLeshOfGratefulDeadSignAutographsInNYC882,44,false,,2302818,Bob Weir & Phil Lesh of Grateful Dead sign autographs in NYC,253171,stupidfamouspeople
Stupidfamouspeople-BoxingAnnouncerMichaelBufferInNewYorkCity949,36,false,,1913540,Boxing announcer Michael Buffer in New York City,253171,stupidfamouspeople
Stupidfamouspeople-BradPittAndAngelinaJolieLeavingTheChangelingPremiereIn964,11,false,,769696,Brad Pitt and Angelina Jolie leaving The Changeling premiere in NYC,253171,stupidfamouspeople
Stupidfamouspeople-ChristianCamargoLeavesAllMySonsOnBroadwayInNYC868,17,false,,634699,Christian Camargo leaves All My Sons on Broadway in NYC,253171,stupidfamouspeople
Stupidfamouspeople-ClayAikenAvoidsGayQuestionsFromPaparazziAtSpamalot742,24,false,,1310265,Clay Aiken avoids gay questions from paparazzi at Spamalot,253171,stupidfamouspeople
Stupidfamouspeople-DakotaFanningArrivesToTheTodayShowInNewYorkCity427,23,false,,1076180,Dakota Fanning arrives to the Today Show in New York City,253171,stupidfamouspeople
Stupidfamouspeople-FergieOfTheBlackEyedPeasArrivesAtFashionRocks2008Rehe858,47,false,,2688202,Fergie of the Black Eyed Peas arrives at Fashion Rocks 2008 rehearsals in New York City,253171,stupidfamouspeople
Stupidfamouspeople-GuadalupeLopezJenniferLopezMotherArrivesToMarcAnthonys4115,10,false,,530657,Guadalupe Lopez (Jennifer Lopez&apos; Mother) arrives to Marc Anthony&apos;s 40th Birthday in New York City,253171,stupidfamouspeople
Stupidfamouspeople-HarveyKeitelLeavesBarneysInNewYorkCity673,15,false,,725009,Harvey Keitel leaves Barneys in New York City,253171,stupidfamouspeople
Stupidfamouspeople-JamieOliverTheNakedChefTalksOutsideDavidLetterman750,31,false,,1577933,Jamie Oliver The Naked Chef talks outside David Letterman,253171,stupidfamouspeople
Stupidfamouspeople-JayZAndKanyeWestLeaveMarcJacobsSpring2009FashionShowI466,24,false,,1511850,Jay-Z and Kanye West leave Marc Jacobs Spring 2009 fashion show in New York City,253171,stupidfamouspeople
Stupidfamouspeople-JenniferLopezAndVictoriaBeckhamArriveToTheMarcJacobsSp767,51,false,,3616050,Jennifer Lopez and Victoria Beckham arrive to the Marc Jacobs Spring 2009 Fashion Show in New York C,253171,stupidfamouspeople
Stupidfamouspeople-JohnMayerAndBrotherCarlMayerLeaveNobuRestaurantInNewY868,19,false,,946060,John Mayer and brother Carl Mayer leave Nobu restaurant in New York City,253171,stupidfamouspeople
Stupidfamouspeople-JohnMayerLeavesHisSohoApartmentInNewYorkCity226,12,false,,541233,John Mayer leaves his Soho apartment in New York City,253171,stupidfamouspeople
Stupidfamouspeople-KatieHolmesStrollingThroughNewYorkCityAfterLeavingHerD440,46,false,,2818286,Katie Holmes strolling through New York City after leaving her downtown apartment,253171,stupidfamouspeople
Stupidfamouspeople-KimoraLeeSimmonsDjimonHounsouArriveToMarcAnthonys40th435,38,false,,2380747,Kimora Lee Simmons & Djimon Hounsou arrive to Marc Anthony&apos;s 40th Birthday Party in New York City,253171,stupidfamouspeople
Stupidfamouspeople-KimRaverLeavesMarcJacobsSpring2009FashionShowInNewYor562,24,false,,2071344,Kim Raver leaves Marc Jacobs Spring 2009 fashion show in New York City,253171,stupidfamouspeople
Stupidfamouspeople-KirstenDunstAtTheHounddogMoviePremiereInNYC985,16,false,,738047,Kirsten Dunst at the Hounddog movie premiere in NYC,253171,stupidfamouspeople
Stupidfamouspeople-LeonaLewisAtFashionRocks2008InNewYorkCityFashionWeek531,20,false,,1051107,"Leona Lewis at Fashion Rocks 2008 in New York City, Fashion Week",253171,stupidfamouspeople
Stupidfamouspeople-LindsayPriceAndBoyfriendRobertBuckleyOutAndAboutInNew188,20,false,,1095396,Lindsay Price and boyfriend Robert Buckley out and about in New York City,253171,stupidfamouspeople
Stupidfamouspeople-MileyCyrusChecksOutOfHerHotelInNewYorkCity258,43,false,,3288557,Miley Cyrus checks out of her hotel in New York City,253171,stupidfamouspeople
Stupidfamouspeople-PaparazziFootageOfArtieLangOfHowardSternJokingWithFans826,110,false,,6395076,Paparazzi footage of Artie Lang of Howard Stern joking with fans at Late Show with David Letterman i,253171,stupidfamouspeople
Stupidfamouspeople-PaparazziFootageOfBenAffleckAndJenniferGarnerWithoutBab353,31,false,,1530092,Paparazzi footage of Ben Affleck and Jennifer Garner (without baby) at Saturday Night Live in New Yo,253171,stupidfamouspeople
Stupidfamouspeople-PaparazziFootageOfBrookeShieldsAndGinaGershonInNewYork651,94,false,,5493875,Paparazzi footage of Brooke Shields and Gina Gershon in New York City,253171,stupidfamouspeople
Stupidfamouspeople-PaparazziFootageOfChampionBoxerRoyJonesJrAtGoodMorning829,43,false,,2312170,Paparazzi footage of champion boxer Roy Jones Jr. at Good Morning America in New York City,253171,stupidfamouspeople
Stupidfamouspeople-PaparazziFootageOfCynthiaNixonBeingGrumpyInTheCity519,59,false,,3292007,Paparazzi footage of Cynthia Nixon being grumpy in the city,253171,stupidfamouspeople
Stupidfamouspeople-PaparazziFootageOfEmmaRobertsJuliaRobertsNieceInNewYor546,26,false,,1327003,Paparazzi footage of Emma Roberts (Julia Roberts&apos; niece) in New York City,253171,stupidfamouspeople
Stupidfamouspeople-PaparazziFootageOfGuitaristStevenVanZandtOfBruceSprings959,102,false,,5941050,Paparazzi footage of guitarist Steven Van Zandt of Bruce Springsteen&apos;s E-Street Band & Sopranos in N,253171,stupidfamouspeople
Stupidfamouspeople-PaparazziFootageOfJackBlackShowingOffHisKungFuPandaSk629,47,false,,2519770,Paparazzi footage of Jack Black showing off his Kung Fu Panda skills in New York City,253171,stupidfamouspeople
Stupidfamouspeople-PaparazziFootageOfJennyLewisAtLateShowWithDavidLetterm133,89,false,,5023341,Paparazzi footage of Jenny Lewis at Late Show with David Letterman in New York City,253171,stupidfamouspeople
Stupidfamouspeople-PaparazziFootageOfJennyLewisAtLateShowWithDavidLetterm317,89,false,,5014209,Paparazzi footage of Jenny Lewis at Late Show with David Letterman in New York City,253171,stupidfamouspeople
Stupidfamouspeople-PaparazziFootageOfKateBosworthBoyfriendJamesRousseauIn611,64,false,,3921532,Paparazzi footage of Kate Bosworth & boyfriend James Rousseau in New York City,253171,stupidfamouspeople
Stupidfamouspeople-PaparazziFootageOfKellyRutherfordWithHusbandAndBabySon620,70,false,,4077459,Paparazzi footage of Kelly Rutherford with husband and baby son in New York City,253171,stupidfamouspeople
Stupidfamouspeople-PaparazziFootageOfRickyGervaisAtLateShowWithDavidLette756,56,false,,3010916,Paparazzi footage of Ricky Gervais at Late Show with David Letterman in New York City,253171,stupidfamouspeople
Stupidfamouspeople-PaparazziSayingHelloToTomCruisesMomAndKatieHolmesParen826,23,false,,1016252,Paparazzi saying hello to Tom Cruise&apos;s mom and Katie Holmes&apos; parents,253171,stupidfamouspeople
Stupidfamouspeople-PaparazziVideoOfKateBosworthAndBoyfriendJamesRousseauIn959,51,false,,3025948,Paparazzi video of Kate Bosworth and boyfriend James Rousseau in New York City,253171,stupidfamouspeople
Stupidfamouspeople-PaparazziVideoOfMileyCyrusAtZ100AndDeniesAutographHoun625,40,false,,2285798,Paparazzi video of Miley Cyrus at Z100 and denies autograph hounds,253171,stupidfamouspeople
Stupidfamouspeople-PhilCollinsHasNoTimeForHisFansInNewYorkCity729,32,false,,1530333,Phil Collins has no time for his fans in New York City,253171,stupidfamouspeople
Stupidfamouspeople-RichardDreyfussLeavesThePremiereOfWInNewYorkCity378,32,false,,1610742,Richard Dreyfuss leaves the premiere of W in New York City,253171,stupidfamouspeople
Stupidfamouspeople-RosiePerezAtTheWMoviePremiereInNewYorkCity493,44,false,,2384159,Rosie Perez at the W movie premiere in New York City,253171,stupidfamouspeople
Stupidfamouspeople-SofiaCoppolaArrivesToMarcJacobsSpring2009InNewYorkCit929,51,false,,3073854,Sofia Coppola arrives to Marc Jacobs Spring 2009 in New York City,253171,stupidfamouspeople
Stupidfamouspeople-TomCruiseAndKatieHolmesReturnHomeAfterAllMySonsOpenin152,60,false,,3383253,Tom Cruise and Katie Holmes return home after All My Sons opening night on Broadway in New York City,253171,stupidfamouspeople
Stupidfamouspeople-TomCruiseJadaPinkettSmithSneakIntoKatieHolmesPlay566,29,false,,1395062,Tom Cruise & Jada Pinkett Smith sneak into Katie Holmes play,253171,stupidfamouspeople
Stupidfamouspeople-UglyAgynessDeynAndAlbertHammondJrOfTheStrokesLeavingM278,29,false,,1533873,"Ugly Agyness Deyn and Albert Hammond, Jr. of The Strokes leaving McCarren Park Pool in Williamsburg",253171,stupidfamouspeople
Subfightercom-BraboChokeFromHalfGuard226,281,false,,17250161,Brabo Choke From Half Guard,229784,subfightercom
Subfightercom-SideToBackPosition330,109,false,,3839213,Trap Door From Half Guard To Back Position,229784,subfightercom
SynchroTheatre-123VideoTrailer550,64,false,,3734422,1:23 Video Trailer,254609,SynchroTheatre
SynchroTheatre-Hello287,195,false,,12199233,Message from Rachel May,254609,SynchroTheatre
SynchroTheatre-SnowQueenTeaser651,31,false,,2085757,Snow Queen Teaser,254609,SynchroTheatre
Talkradionewsservice-CongressmanRoyBluntTalksAboutTheHouseInterruptingTheMem944,227,false,,15485261,Congressman Roy Blunt talks about the House interrupting the memorial service of Congressman Lantos,121515,talkradionewsservice
TastingNotesAtDistrict-RoccapiaSangioveseChiantiTuscanyItaly2007862,88,false,,6095551,"Roccapia Sangiovese, Chianti, Tuscany, Italy 2007",372405,Tasting Notes at District
Teatips-TeaTipsEpisode14CravingTeas761,206,false,,13888399,"Tea Tips: Episode 14 ""Craving Teas""",184347,teatips
Teatips-TeaTipsEpisode851952PuerhTea598,348,false,,3204903,"Tea Tips: Episode 8.5 ""1952 Pu-erh Tea""",184347,teatips
Thatsportsshow-ThatSportsShowBlazingShootingAndCrossDressing920,235,false,,15092497,"That Sports Show: Blazing, Shooting and Cross-Dressing",323785,thatsportsshow
Thatsportsshow-ThatSportsShowMarburyPitBullsAndInterns384,227,false,,15606998,"That Sports Show: Marbury, Pit Bulls and Interns",323785,thatsportsshow
Thatsportsshow-ThatSportsShowPartyBoatsAndGunshots852,232,false,,15829858,That Sports Show: Party Boats and Gunshots,323785,thatsportsshow
Thatsportsshow-ThatSportsShowTerrellOwens985,213,false,,14277322,That Sports Show: Terrell Owens,323785,thatsportsshow
Thatsportsshow-ThatSportsShowThugsPunksAndMarkCuban250,202,false,,14288071,"That Sports Show: Thugs, Punks and Mark Cuban",323785,thatsportsshow
Thatsportsshow-ThatSportsShowWeHardlyKnewYe621,237,false,,15455132,That Sports Show: We Hardly Knew Ye,323785,thatsportsshow
Thatsportsshow-TwitsTwitterAndMattStraqsHeadExploding895,230,false,,15123866,"Twits, Twitter and Matt Straq&apos;s Head Exploding",323785,thatsportsshow
TheEpicSeason-JesseCsincsak357,57,false,,3709253,Jesse Csincsak,211708,The Epic Season
TheEpicSeason-VailResortsPresentsBeaverCreekColorado743,74,false,,5940348,Vail Resorts presents Beaver Creek Colorado,211708,The Epic Season
TheEpicSeason-VailResortsPresentsKeystoneColorado964,94,false,,7543838,Vail Resorts presents Keystone Colorado,211708,The Epic Season
TheEpicSeason-VailSnowdaze252,90,false,,10553856,Vail Snowdaze,211708,The Epic Season
Theexsmoker-WelcomeToTheExSmokercom729,282,false,,10179793,Welcome to the Ex-Smoker.com,307503,theexsmoker
TheJAMAREPORT-ADULTSTEMCELLSAREHELPINGPATIENTSWITHAUTOIMMUNEDISEASESA376,143,false,,8310405,ADULT STEM CELLS ARE HELPING PATIENTS WITH AUTOIMMUNE DISEASES AND CARDIOVASCULAR DISORDERS,113895,The JAMA REPORT
TheJAMAREPORT-ADVANCESINGENETICMEDICINEAREGREATBUTSOMEHEALTHCAREWORKE804,140,false,,8118595,ADVANCES IN GENETIC MEDICINE ARE GREAT BUT SOME HEALTHCARE WORKERS ARE NOT READY TO DELIVER THESE SE,113895,The JAMA REPORT
TheJAMAREPORT-BABIESBORNPREMATUREMAYHAVECONTINUEDHEALTHRISKSDURINGCHI237,137,false,,9314738,BABIES BORN PREMATURE MAY HAVE CONTINUED HEALTH RISKS DURING CHILDHOOD AND ADULTHOOD,113895,The JAMA REPORT
TheJAMAREPORT-BISPHENOLAASSOCIATEDWITHANINCREASEDRISKOFDISEASEINADUL565,130,false,,7632958,BISPHENOL A ASSOCIATED WITH AN INCREASED RISK OF DISEASE IN ADULTS,113895,The JAMA REPORT
TheJAMAREPORT-CHANGESTOMEDICAREANDACCESSTOCAREFORCANCERPATIENTS318,129,false,,7943853,CHANGES TO MEDICARE AND ACCESS TO CARE FOR CANCER PATIENTS,113895,The JAMA REPORT
TheJAMAREPORT-COMBINATIONOFMAMMOGRAPHYANDULTRASOUNDINCREASESDETECTIONOF782,142,false,,8136246,COMBINATION OF MAMMOGRAPHY AND ULTRASOUND INCREASES DETECTION OF BREAST CANCER IN HIGH RISK PATIENTS,113895,The JAMA REPORT
TheJAMAREPORT-COSTOFTREATINGSPINEPROBLEMSINCREASESBUTPATIENTSONAVERAG415,136,false,,9187795,COST OF TREATING SPINE PROBLEMS INCREASES BUT PATIENTS ON AVERAGE DO NOT REPORT FEELING BETTER,113895,The JAMA REPORT
TheJAMAREPORT-FAMILYHISTORYOFCOLORECTALCANCERMAYIMPROVECHANCEOFSURVIV604,132,false,,7483850,FAMILY HISTORY OF COLORECTAL CANCER MAY IMPROVE CHANCE OF SURVIVAL,113895,The JAMA REPORT
TheJAMAREPORT-FATNESSVERSUSFITNESSCARDIOVASCULARFITNESSAPPEARSMOREIMPOR970,140,false,,8147464,FATNESS VERSUS FITNESS; CARDIOVASCULAR FITNESS APPEARS MORE IMPORTANT THAN WEIGHT IN REDUCING RISK O,113895,The JAMA REPORT
TheJAMAREPORT-GENEMUTATIONMAYHELPEXPLAINDIFFERENCEINLUNGFUNCTIONAMONG450,138,false,,8128461,GENE MUTATION MAY HELP EXPLAIN DIFFERENCE IN LUNG FUNCTION AMONG CYSTIC FIBROSIS PATIENTS,113895,The JAMA REPORT
TheJAMAREPORT-HIVINFECTIONRATESINUSHIGHERTHANFIRSTTHOUGHT184,131,false,,8502065,HIV INFECTION RATES IN U.S. HIGHER THAN FIRST THOUGHT,113895,The JAMA REPORT
TheJAMAREPORT-HOSPITALIZEDPATIENTSARELESSLIKELYTOSURVIVECARDIACARREST590,143,false,,8310405,HOSPITALIZED PATIENTS ARE LESS LIKELY TO SURVIVE CARDIAC ARREST DURING NIGHTS AND WEEKENDS,113895,The JAMA REPORT
TheJAMAREPORT-LOWERBLOODPRESSUREANDCHOLESTEROLTARGETSFORDIABETICSMAYR892,135,false,,9120817,LOWER BLOOD PRESSURE AND CHOLESTEROL TARGETS FOR DIABETICS MAY REDUCE THEIR RISK OF HEART ATTACKS AN,113895,The JAMA REPORT
TheJAMAREPORT-MERCKFAILSTODISCLOSEMORTALITYRISKASSOCIATEDWITHVIOXX529,141,false,,8030977,MERCK FAILS TO DISCLOSE MORTALITY RISK ASSOCIATED WITH VIOXX,113895,The JAMA REPORT
TheJAMAREPORT-MILITARYTROOPSRETURNINGFROMCOMBATMAYEXPERIENCEBINGEDRINK180,134,false,,7156085,MILITARY TROOPS RETURNING FROM COMBAT MAY EXPERIENCE BINGE DRINKING AND ALCOHOL-RELATED PROBLEMS,113895,The JAMA REPORT
TheJAMAREPORT-MONITORINGBLOODPRESSUREATHOMEANDONASECUREWEBSITEMAYH793,140,false,,9433832,MONITORING BLOOD PRESSURE AT HOME AND ON A SECURE WEB SITE MAY HELP CONTROL HYPERTENSION,113895,The JAMA REPORT
TheJAMAREPORT-OBESITYLEVELSAMONGCHILDRENANDTEENSSTABILIZE688,125,false,,8406214,OBESITY LEVELS AMONG CHILDREN AND TEENS STABILIZE,113895,The JAMA REPORT
TheJAMAREPORT-PATIENTSLIVINGINRURALAREASARELESSLIKELYTORECEIVEORGAN429,141,false,,9590108,PATIENTS LIVING IN RURAL AREAS ARE LESS LIKELY TO RECEIVE ORGAN TRANSPLANTS,113895,The JAMA REPORT
TheJAMAREPORT-RESEARCHERSIDENTIFYPREDICTORSFORSPINEFRACTURESMOSTCOMMON338,131,false,,7636275,RESEARCHERS IDENTIFY PREDICTORS FOR SPINE FRACTURES - MOST COMMON KIND OF OSTEOPOROTIC FRACTURES,113895,The JAMA REPORT
TheJAMAREPORT-RESEARCHERSSTUDYUSFAMILIESINWHICHATLEASTONEPARENTHASH276,135,false,,7870169,RESEARCHERS STUDY U.S. FAMILIES IN WHICH AT LEAST ONE PARENT HAS HEALTH INSURANCE BUT THEIR CHILDREN,113895,The JAMA REPORT
TheJAMAREPORT-ROUTINECARDIACCATHETERIZATIONBENEFITSSOMEWOMENWITHHEARTD782,141,false,,8198668,ROUTINE CARDIAC CATHETERIZATION BENEFITS SOME WOMEN WITH HEART DISEASE MORE THAN OTHERS,113895,The JAMA REPORT
TheJAMAREPORT-SOMEPATIENTSNOTABLETOAFFORDPRESCRIPTIONSDESPITEENROLLING660,141,false,,9626850,SOME PATIENTS NOT ABLE TO AFFORD PRESCRIPTIONS DESPITE ENROLLING IN MEDICARE PART D PROGRAM,113895,The JAMA REPORT
TheJAMAREPORT-STJOHNSWORTDOESNOTIMPROVESYMPTOMSOFATTENTIONDEFICITHYPE461,136,false,,9163657,ST. JOHN&#8217;S WORT DOES NOT IMPROVE SYMPTOMS OF ATTENTION-DEFICIT HYPERACTIVITY DISORDER,113895,The JAMA REPORT
TheJAMAREPORT-STUDYFINDSASSOCIATIONBETWEENDIABETESANDDEPRESSION881,126,false,,8567908,STUDY FINDS ASSOCIATION BETWEEN DIABETES AND DEPRESSION,113895,The JAMA REPORT
TheJAMAREPORT-STUDYFINDSBETTERQUALITYOFLIFEFORTERMINALLYILLPATIENTSW666,140,false,,8241195,STUDY FINDS BETTER QUALITY OF LIFE FOR TERMINALLY ILL PATIENTS WHO REPORTED HAVING END-OF-LIFE DISCU,113895,The JAMA REPORT
TheJAMAREPORT-STUDYFINDSBVITAMINSDONOTHELPPREVENTHEARTATTACKSORSTRO962,125,false,,6967138,STUDY FINDS B VITAMINS DO NOT HELP PREVENT HEART ATTACKS OR STROKE,113895,The JAMA REPORT
TheJAMAREPORT-STUDYFINDSDIVERSITYWITHINUSMEDICALSCHOOLSHELPSTOTREATA629,139,false,,8341705,STUDY FINDS DIVERSITY WITHIN U.S. MEDICAL SCHOOLS HELPS TO TREAT A DIVERSE POPULATION,113895,The JAMA REPORT
TheJAMAREPORT-STUDYFINDSGINKGOBILOBADOESNOTHELPPREVENTDEMENTIAANDALZ761,135,false,,7853642,STUDY FINDS GINKGO BILOBA DOES NOT HELP PREVENT DEMENTIA AND ALZHEIMER DISEASE,113895,The JAMA REPORT
TheJAMAREPORT-STUDYFINDSHIGHDOSEINTAKEOFTHREEBVITAMINS578,133,false,,7840283,STUDY FINDS HIGH-DOSE INTAKE OF THREE B VITAMINS,113895,The JAMA REPORT
TheJAMAREPORT-STUDYFINDSHIGHDOSEINTAKEOFTHREEBVITAMINSDOESNOTREDUCE116,128,false,,7841299,STUDY FINDS HIGH-DOSE INTAKE OF THREE B VITAMINS DOES NOT REDUCE WOMEN&#8217;S RISK OF DEVELOPING CANCER,113895,The JAMA REPORT
TheJAMAREPORT-STUDYFINDSHIGHDOSEINTAKEOFVITAMINSCEDOESNOTREDUCERIS816,137,false,,8021040,STUDY FINDS HIGH-DOSE INTAKE OF VITAMINS C & E DOES NOT REDUCE RISK OF CARDIOVASCULAR DISEASE IN MEN,113895,The JAMA REPORT
TheJAMAREPORT-STUDYFINDSMANYCHILDRENARENOTGETTINGTHEPHYSICALACTIVITY334,131,false,,7744603,STUDY FINDS MANY CHILDREN ARE NOT GETTING THE PHYSICAL ACTIVITY THEY NEED,113895,The JAMA REPORT
TheJAMAREPORT-STUDYFINDSMARIJUANASMOKINGISRISKFACTORFORGUMDISEASE519,0,false,,8790221,STUDY FINDS MARIJUANA SMOKING IS RISK FACTOR FOR GUM DISEASE,113895,The JAMA REPORT
TheJAMAREPORT-STUDYFINDSPHYSICALACTIVITYMAYHELPIMPROVECOGNITIVEFUNCTIO827,115,false,,6571607,STUDY FINDS PHYSICAL ACTIVITY MAY HELP IMPROVE COGNITIVE FUNCTION,113895,The JAMA REPORT
TheJAMAREPORT-STUDYFINDSPOPCORNNUTSANDCORNDONOTINCREASETHEINCIDENCE585,117,false,,6781731,"STUDY FINDS POPCORN, NUTS AND CORN DO NOT INCREASE THE INCIDENCE OF DIVERTICULAR COMPLICATIONS",113895,The JAMA REPORT
TheJAMAREPORT-STUDYFINDSRACIALDISPARITYNOLONGERASSOCIATEDWITHNATIONSC280,140,false,,8803212,STUDY FINDS RACIAL DISPARITY NO LONGER ASSOCIATED WITH NATION&#8217;S CURRENT LIVER TRANSPLANTATION ALLOCA,113895,The JAMA REPORT
TheJAMAREPORT-STUDYFINDSSIGNIFICANTDIFFERENCESINCARDIACARRESTINCIDENCE764,133,false,,8019706,STUDY FINDS SIGNIFICANT DIFFERENCES IN CARDIAC ARREST INCIDENCE AND SURVIVAL RATES,113895,The JAMA REPORT
TheJAMAREPORT-STUDYMEASURESPREVALENCEOFCANCERCAUSINGGENEMUTATIONINHISP365,137,false,,9311079,"STUDY MEASURES PREVALENCE OF CANCER-CAUSING GENE MUTATION IN HISPANICS, AFRICAN AMERICANS AND ASIAN",113895,The JAMA REPORT
TheJAMAREPORT-STUDYSHOWSCHANGEINLIFESYTLEHABITS389,139,false,,7941592,STUDY SHOWS CHANGE IN LIFESYTLE HABITS,113895,The JAMA REPORT
TheJAMAREPORT-TEENAGERSWHODONATEBLOODMAYEXPERIENCEANADVERSEREACTION941,139,false,,9451047,TEENAGERS WHO DONATE BLOOD MAY EXPERIENCE AN ADVERSE REACTION,113895,The JAMA REPORT
TheJAMAREPORT-TESTOSTERONESUPPLEMENTATIONNOTBENEFICIALINCOMBATINGMOSTEF226,136,false,,7805345,TESTOSTERONE SUPPLEMENTATION NOT BENEFICIAL IN COMBATING MOST EFFECTS OF AGING IN MEN,113895,The JAMA REPORT
TheJAMAREPORT-VIAGRAAPPEARSTOHELPTREATANTIDEPRESSANTRELATEDSEXUALSIDE318,140,false,,8680433,VIAGRA APPEARS TO HELP TREAT ANTIDEPRESSANT RELATED SEXUAL SIDE EFFECTS IN WOMEN,113895,The JAMA REPORT
TheJAMAREPORT-VITAMINEIMPORTANTTOPHYSICALHEALTHASYOUAGE908,140,false,,8047650,VITAMIN E IMPORTANT TO PHYSICAL HEALTH AS YOU AGE,113895,The JAMA REPORT
TheJAMAREPORT-WEIGHTLOSSDRUGSHOWSPROMISEFORHELPINGTHOSEWITHCORONARYH748,139,false,,9448834,WEIGHT LOSS DRUG SHOWS PROMISE FOR HELPING THOSE WITH CORONARY HEART DISEASE,113895,The JAMA REPORT
TheJAMAREPORT-WOMENREMAINATRISKFORBREASTCANCERTHREEYEARSAFTERSTOPPIN770,139,false,,8035513,WOMEN REMAIN AT RISK FOR BREAST CANCER THREE YEARS AFTER STOPPING HORMONE THERAPY IN WOMEN&#8217;S HEALTH,113895,The JAMA REPORT
TheJAMAREPORT-WOMENWHOQUITSMOKINGCANDECREASETHEIRRISKOFCERTAINFATAL707,142,false,,8100604,WOMEN WHO QUIT SMOKING CAN DECREASE THEIR RISK OF CERTAIN FATAL DISEASES WITHIN JUST FIVE YEARS,113895,The JAMA REPORT
TheOintment-4000th264,0,false,,12221010,"4,000th",22253,The Ointment
TheOintment-BlackAndWhite502,250,false,,17773373,Black and White,22253,The Ointment
TheOintment-ClintonAccusesObamaOfPlagiarism180,206,false,,13048941,Clinton Accuses Obama of Plagiarism,22253,The Ointment
TheOintment-DaddysUterusAndOtherStories958,224,false,,14150492,Daddy&apos;s Uterus and other Stories,22253,The Ointment
TheOintment-EncoreSuperTuesdayUpdate896,160,false,,11803330,Encore: Super Tuesday Update,22253,The Ointment
TheOintment-FakeHillaryClintonAdExperienceMatters814,83,false,,5884152,Fake Hillary Clinton Ad: Experience Matters,22253,The Ointment
TheOintment-FridayFreshness590,187,false,,14036772,Friday Freshness,22253,The Ointment
TheOintment-GasPain438,160,false,,11853188,Gas Pain,22253,The Ointment
TheOintment-HappyMothersDay180,207,false,,13062775,Happy Mothers Day,22253,The Ointment
TheOintment-JuniorSuperTuesday715,201,false,,15052069,Junior Super Tuesday,22253,The Ointment
TheOintment-MondayMadness320,154,false,,11037093,Monday Madness,22253,The Ointment
TheOintment-NotSoSuperDelegates487,157,false,,9954061,Not So Super Delegates,22253,The Ointment
TheOintment-ObamaClintonGrudgeMatch758,165,false,,12290537,Obama Clinton Grudge Match,22253,The Ointment
TheOintment-TaxDeadline756,182,false,,13843372,Tax Deadline,22253,The Ointment
TheOintment-WeekInReview22208481,235,false,,14837194,Week in Review 2/22/08,22253,The Ointment
TheOintment-WeekInReview4408583,204,false,,15343578,Week in Review 4/4/08,22253,The Ointment
TheOintment-WithFriendsLikeThese940,144,false,,7151577,With Friends Like These,22253,The Ointment
TheWineVault-CentralOtagoVsMarlboroughPinotNoirWVTVEpisode74534,487,false,,23156702,Central Otago Vs Marlborough Pinot Noir - WVTV Episode # 74,362833,TheWineVault
TLDM-CharismaticDelusionPart1Of4741,601,false,,38408117,Charismatic Delusion -- Part 1 of 4,394260,TLDM
TLDM-TheMiraculousStoryOfBaysidePart10Of11607,572,false,,36717176,The Miraculous Story of Bayside - Part 10 of 11,394260,TLDM
TLDM-TheMiraculousStoryOfBaysidePart11Of11993,550,false,,34219860,The Miraculous Story of Bayside - Part 11 of 11,394260,TLDM
TLDM-TheMiraculousStoryOfBaysidePart3Of11630,643,false,,41189526,The Miraculous Story of Bayside - Part 3 of 11,394260,TLDM
TLDM-TheMiraculousStoryOfBaysidePart7Of11111,557,false,,34609586,The Miraculous Story of Bayside - Part 7 of 11,394260,TLDM
Tooncast-TalkLikeAPirateDay993,126,false,,7682527,Talk Like a Pirate Day,48459,tooncast
UBM-02050dManchildAndBride04944,3481,false,,49243935,02050d) Man-child and Bride (04),328864,UBM
Underlab-ShortFilmsDawnDubrielsTheLastDutchess521,302,false,,21489618,Short Films - Dawn Dubriels - The Last Dutchess,101222,Underlab
Useeblu-BlubrryJamIsComing335,37,false,,2024171,Blubrry Jam Is Coming,29951,useeblu
VirginBob-CourteenersToHeadlineNextVFestival406,111,false,,7124360,Courteeners to headline next V Festival?,182708,VirginBob
VirginBob-CutCopyVFestivalMelbourne450,238,false,,16454491,Cut Copy @ VFestival Melbourne,182708,VirginBob
VirginBob-DuranDuranVFestivalMelbourne275,241,false,,14698876,Duran Duran @ VFestival Melbourne,182708,VirginBob
VirginBob-PresetsVFestivalMelbourne656,462,false,,27732886,Presets @ VFestival Melbourne,182708,VirginBob
VirginBob-VFestivalPerthAustraliaPart3367,36,false,,2182940,VFestival Perth Australia part 3,182708,VirginBob
VirginBob-VFestivalPerthAustraliaPart4584,118,false,,7341721,VFestival Perth Australia part 4,182708,VirginBob
VirginBob-VFestivalStealsTheSunshine834,55,false,,3374868,V Festival steals the sunshine,182708,VirginBob
VirginBob-WhipcrackinVFestival241,76,false,,4739492,Whipcrackin&apos; VFestival,182708,VirginBob
Wardy-Episode36CheeseSteak697,922,false,,57268471,Episode 36 - Cheese Steak,3370,Wardy
Wardy-Episode71Announcement737,302,false,,19469385,Episode 71 - Announcement,3370,Wardy
Wardy-RestaurantFoodFastEpisode24494,740,false,,49868382,Restaurant Food Fast - Episode 24,3370,Wardy
Weldon-BradyWiederholdKneeDrill2380,408,false,,26015977,Brady Wiederhold - Knee Drill 2,64478,weldon
Weldon-DrHollingsworthAcupuncture313,303,false,,18836806,Dr. Hollingsworth - Acupuncture,64478,weldon
WybaK-MIRACLEKAABAAVOIR920,570,false,,32447930,MIRACLE KAABA. A VOIR !!,398838,WybaK
Wyshy-IJoebotConfessional600,56,false,,4051334,"I, Joebot - Confessional",3758,wyshy
